project_name,layer_id,property_id,property_name,unit_of_measure_id,dimension_des,metadata_url,download_url,get_map_url,get_legend_url,get_feature_info_url
Global Soil Nutrients Map,BT-GSNM-BASAT-2024-0-30-MEAN,BASAT,Base saturation,%,0-30 MEAN,http://localhost:8001/collections/metadata:main/items/e2c4c9b6-9317-11f0-99a6-17ebe5406545,https://storage.googleapis.com/fao-gismgr-glosis-data/DATA/GLOSIS/MAPSET/BT-GSNM-BASAT-2024/GLOSIS.BT-GSNM-BASAT-2024.D-0-30.D-MEAN.tif,http://localhost:8082/?map=/etc/mapserver/BT-GSNM-BASAT-2024-0-30-MEAN.map&SERVICE=WMS&VERSION=1.3.0&REQUEST=GetMap&BBOX=26.7%2C88.7%2C28.2%2C92.1&CRS=EPSG%3A4326&WIDTH=1503&HEIGHT=690&LAYERS=BT-GSNM-BASAT-2024-0-30-MEAN&STYLES=&FORMAT=image%2Fpng&DPI=96&MAP_RESOLUTION=96&FORMAT_OPTIONS=dpi%3A96&TRANSPARENT=TRUE,http://localhost:8082/?map=/etc/mapserver/BT-GSNM-BASAT-2024-0-30-MEAN.map&SERVICE=WMS&VERSION=1.1.1&LAYER=BT-GSNM-BASAT-2024-0-30-MEAN&REQUEST=getlegendgraphic&FORMAT=image/png,http://localhost:8082/?map=/etc/mapserver/BT-GSNM-BASAT-2024-0-30-MEAN.map&SERVICE=WMS&VERSION=1.3.0&REQUEST=GetFeatureInfo&LAYERS=BT-GSNM-BASAT-2024-0-30-MEAN&STYLES=&FORMAT=image%2Fpng&QUERY_LAYERS=BT-GSNM-BASAT-2024-0-30-MEAN&INFO_FORMAT=text%2Fhtml&I=282&J=429
Global Soil Nutrients Map,BT-GSNM-BASAT-2024-0-30-SDEV,BASAT,Base saturation,%,0-30 SDEV,http://localhost:8001/collections/metadata:main/items/e2c4c9b6-9317-11f0-99a6-17ebe5406545,https://storage.googleapis.com/fao-gismgr-glosis-data/DATA/GLOSIS/MAPSET/BT-GSNM-BASAT-2024/GLOSIS.BT-GSNM-BASAT-2024.D-0-30.D-SDEV.tif,http://localhost:8082/?map=/etc/mapserver/BT-GSNM-BASAT-2024-0-30-SDEV.map&SERVICE=WMS&VERSION=1.3.0&REQUEST=GetMap&BBOX=26.7%2C88.7%2C28.2%2C92.1&CRS=EPSG%3A4326&WIDTH=1503&HEIGHT=690&LAYERS=BT-GSNM-BASAT-2024-0-30-SDEV&STYLES=&FORMAT=image%2Fpng&DPI=96&MAP_RESOLUTION=96&FORMAT_OPTIONS=dpi%3A96&TRANSPARENT=TRUE,http://localhost:8082/?map=/etc/mapserver/BT-GSNM-BASAT-2024-0-30-SDEV.map&SERVICE=WMS&VERSION=1.1.1&LAYER=BT-GSNM-BASAT-2024-0-30-SDEV&REQUEST=getlegendgraphic&FORMAT=image/png,http://localhost:8082/?map=/etc/mapserver/BT-GSNM-BASAT-2024-0-30-SDEV.map&SERVICE=WMS&VERSION=1.3.0&REQUEST=GetFeatureInfo&LAYERS=BT-GSNM-BASAT-2024-0-30-SDEV&STYLES=&FORMAT=image%2Fpng&QUERY_LAYERS=BT-GSNM-BASAT-2024-0-30-SDEV&INFO_FORMAT=text%2Fhtml&I=282&J=429
Global Soil Nutrients Map,BT-GSNM-BKD-2024-0-30-MEAN,BKD,Bulk density,kg/dm³,0-30 MEAN,http://localhost:8001/collections/metadata:main/items/e2c4c9a8-9317-11f0-99a6-17ebe5406545,https://storage.googleapis.com/fao-gismgr-glosis-data/DATA/GLOSIS/MAPSET/BT-GSNM-BKD-2024/GLOSIS.BT-GSNM-BKD-2024.D-0-30.D-MEAN.tif,http://localhost:8082/?map=/etc/mapserver/BT-GSNM-BKD-2024-0-30-MEAN.map&SERVICE=WMS&VERSION=1.3.0&REQUEST=GetMap&BBOX=26.7%2C88.7%2C28.2%2C92.1&CRS=EPSG%3A4326&WIDTH=1503&HEIGHT=690&LAYERS=BT-GSNM-BKD-2024-0-30-MEAN&STYLES=&FORMAT=image%2Fpng&DPI=96&MAP_RESOLUTION=96&FORMAT_OPTIONS=dpi%3A96&TRANSPARENT=TRUE,http://localhost:8082/?map=/etc/mapserver/BT-GSNM-BKD-2024-0-30-MEAN.map&SERVICE=WMS&VERSION=1.1.1&LAYER=BT-GSNM-BKD-2024-0-30-MEAN&REQUEST=getlegendgraphic&FORMAT=image/png,http://localhost:8082/?map=/etc/mapserver/BT-GSNM-BKD-2024-0-30-MEAN.map&SERVICE=WMS&VERSION=1.3.0&REQUEST=GetFeatureInfo&LAYERS=BT-GSNM-BKD-2024-0-30-MEAN&STYLES=&FORMAT=image%2Fpng&QUERY_LAYERS=BT-GSNM-BKD-2024-0-30-MEAN&INFO_FORMAT=text%2Fhtml&I=282&J=429
Global Soil Nutrients Map,BT-GSNM-BKD-2024-0-30-SDEV,BKD,Bulk density,kg/dm³,0-30 SDEV,http://localhost:8001/collections/metadata:main/items/e2c4c9a8-9317-11f0-99a6-17ebe5406545,https://storage.googleapis.com/fao-gismgr-glosis-data/DATA/GLOSIS/MAPSET/BT-GSNM-BKD-2024/GLOSIS.BT-GSNM-BKD-2024.D-0-30.D-SDEV.tif,http://localhost:8082/?map=/etc/mapserver/BT-GSNM-BKD-2024-0-30-SDEV.map&SERVICE=WMS&VERSION=1.3.0&REQUEST=GetMap&BBOX=26.7%2C88.7%2C28.2%2C92.1&CRS=EPSG%3A4326&WIDTH=1503&HEIGHT=690&LAYERS=BT-GSNM-BKD-2024-0-30-SDEV&STYLES=&FORMAT=image%2Fpng&DPI=96&MAP_RESOLUTION=96&FORMAT_OPTIONS=dpi%3A96&TRANSPARENT=TRUE,http://localhost:8082/?map=/etc/mapserver/BT-GSNM-BKD-2024-0-30-SDEV.map&SERVICE=WMS&VERSION=1.1.1&LAYER=BT-GSNM-BKD-2024-0-30-SDEV&REQUEST=getlegendgraphic&FORMAT=image/png,http://localhost:8082/?map=/etc/mapserver/BT-GSNM-BKD-2024-0-30-SDEV.map&SERVICE=WMS&VERSION=1.3.0&REQUEST=GetFeatureInfo&LAYERS=BT-GSNM-BKD-2024-0-30-SDEV&STYLES=&FORMAT=image%2Fpng&QUERY_LAYERS=BT-GSNM-BKD-2024-0-30-SDEV&INFO_FORMAT=text%2Fhtml&I=282&J=429
Global Soil Nutrients Map,BT-GSNM-BSEXC-2024-0-30-MEAN,BSEXC,Bases - exchangeable,cmol/kg,0-30 MEAN,http://localhost:8001/collections/metadata:main/items/e2c4c999-9317-11f0-99a6-17ebe5406545,https://storage.googleapis.com/fao-gismgr-glosis-data/DATA/GLOSIS/MAPSET/BT-GSNM-BSEXC-2024/GLOSIS.BT-GSNM-BSEXC-2024.D-0-30.D-MEAN.tif,http://localhost:8082/?map=/etc/mapserver/BT-GSNM-BSEXC-2024-0-30-MEAN.map&SERVICE=WMS&VERSION=1.3.0&REQUEST=GetMap&BBOX=26.7%2C88.7%2C28.2%2C92.1&CRS=EPSG%3A4326&WIDTH=1503&HEIGHT=690&LAYERS=BT-GSNM-BSEXC-2024-0-30-MEAN&STYLES=&FORMAT=image%2Fpng&DPI=96&MAP_RESOLUTION=96&FORMAT_OPTIONS=dpi%3A96&TRANSPARENT=TRUE,http://localhost:8082/?map=/etc/mapserver/BT-GSNM-BSEXC-2024-0-30-MEAN.map&SERVICE=WMS&VERSION=1.1.1&LAYER=BT-GSNM-BSEXC-2024-0-30-MEAN&REQUEST=getlegendgraphic&FORMAT=image/png,http://localhost:8082/?map=/etc/mapserver/BT-GSNM-BSEXC-2024-0-30-MEAN.map&SERVICE=WMS&VERSION=1.3.0&REQUEST=GetFeatureInfo&LAYERS=BT-GSNM-BSEXC-2024-0-30-MEAN&STYLES=&FORMAT=image%2Fpng&QUERY_LAYERS=BT-GSNM-BSEXC-2024-0-30-MEAN&INFO_FORMAT=text%2Fhtml&I=282&J=429
Global Soil Nutrients Map,BT-GSNM-BSEXC-2024-0-30-SDEV,BSEXC,Bases - exchangeable,cmol/kg,0-30 SDEV,http://localhost:8001/collections/metadata:main/items/e2c4c999-9317-11f0-99a6-17ebe5406545,https://storage.googleapis.com/fao-gismgr-glosis-data/DATA/GLOSIS/MAPSET/BT-GSNM-BSEXC-2024/GLOSIS.BT-GSNM-BSEXC-2024.D-0-30.D-SDEV.tif,http://localhost:8082/?map=/etc/mapserver/BT-GSNM-BSEXC-2024-0-30-SDEV.map&SERVICE=WMS&VERSION=1.3.0&REQUEST=GetMap&BBOX=26.7%2C88.7%2C28.2%2C92.1&CRS=EPSG%3A4326&WIDTH=1503&HEIGHT=690&LAYERS=BT-GSNM-BSEXC-2024-0-30-SDEV&STYLES=&FORMAT=image%2Fpng&DPI=96&MAP_RESOLUTION=96&FORMAT_OPTIONS=dpi%3A96&TRANSPARENT=TRUE,http://localhost:8082/?map=/etc/mapserver/BT-GSNM-BSEXC-2024-0-30-SDEV.map&SERVICE=WMS&VERSION=1.1.1&LAYER=BT-GSNM-BSEXC-2024-0-30-SDEV&REQUEST=getlegendgraphic&FORMAT=image/png,http://localhost:8082/?map=/etc/mapserver/BT-GSNM-BSEXC-2024-0-30-SDEV.map&SERVICE=WMS&VERSION=1.3.0&REQUEST=GetFeatureInfo&LAYERS=BT-GSNM-BSEXC-2024-0-30-SDEV&STYLES=&FORMAT=image%2Fpng&QUERY_LAYERS=BT-GSNM-BSEXC-2024-0-30-SDEV&INFO_FORMAT=text%2Fhtml&I=282&J=429
Global Soil Nutrients Map,BT-GSNM-CAEXC-2024-0-30-MEAN,CAEXC,Calcium (Ca++) - exchangeable,cmol/kg,0-30 MEAN,http://localhost:8001/collections/metadata:main/items/e2c4c99e-9317-11f0-99a6-17ebe5406545,https://storage.googleapis.com/fao-gismgr-glosis-data/DATA/GLOSIS/MAPSET/BT-GSNM-CAEXC-2024/GLOSIS.BT-GSNM-CAEXC-2024.D-0-30.D-MEAN.tif,http://localhost:8082/?map=/etc/mapserver/BT-GSNM-CAEXC-2024-0-30-MEAN.map&SERVICE=WMS&VERSION=1.3.0&REQUEST=GetMap&BBOX=26.7%2C88.7%2C28.2%2C92.1&CRS=EPSG%3A4326&WIDTH=1503&HEIGHT=690&LAYERS=BT-GSNM-CAEXC-2024-0-30-MEAN&STYLES=&FORMAT=image%2Fpng&DPI=96&MAP_RESOLUTION=96&FORMAT_OPTIONS=dpi%3A96&TRANSPARENT=TRUE,http://localhost:8082/?map=/etc/mapserver/BT-GSNM-CAEXC-2024-0-30-MEAN.map&SERVICE=WMS&VERSION=1.1.1&LAYER=BT-GSNM-CAEXC-2024-0-30-MEAN&REQUEST=getlegendgraphic&FORMAT=image/png,http://localhost:8082/?map=/etc/mapserver/BT-GSNM-CAEXC-2024-0-30-MEAN.map&SERVICE=WMS&VERSION=1.3.0&REQUEST=GetFeatureInfo&LAYERS=BT-GSNM-CAEXC-2024-0-30-MEAN&STYLES=&FORMAT=image%2Fpng&QUERY_LAYERS=BT-GSNM-CAEXC-2024-0-30-MEAN&INFO_FORMAT=text%2Fhtml&I=282&J=429
Global Soil Nutrients Map,BT-GSNM-CAEXC-2024-0-30-SDEV,CAEXC,Calcium (Ca++) - exchangeable,cmol/kg,0-30 SDEV,http://localhost:8001/collections/metadata:main/items/e2c4c99e-9317-11f0-99a6-17ebe5406545,https://storage.googleapis.com/fao-gismgr-glosis-data/DATA/GLOSIS/MAPSET/BT-GSNM-CAEXC-2024/GLOSIS.BT-GSNM-CAEXC-2024.D-0-30.D-SDEV.tif,http://localhost:8082/?map=/etc/mapserver/BT-GSNM-CAEXC-2024-0-30-SDEV.map&SERVICE=WMS&VERSION=1.3.0&REQUEST=GetMap&BBOX=26.7%2C88.7%2C28.2%2C92.1&CRS=EPSG%3A4326&WIDTH=1503&HEIGHT=690&LAYERS=BT-GSNM-CAEXC-2024-0-30-SDEV&STYLES=&FORMAT=image%2Fpng&DPI=96&MAP_RESOLUTION=96&FORMAT_OPTIONS=dpi%3A96&TRANSPARENT=TRUE,http://localhost:8082/?map=/etc/mapserver/BT-GSNM-CAEXC-2024-0-30-SDEV.map&SERVICE=WMS&VERSION=1.1.1&LAYER=BT-GSNM-CAEXC-2024-0-30-SDEV&REQUEST=getlegendgraphic&FORMAT=image/png,http://localhost:8082/?map=/etc/mapserver/BT-GSNM-CAEXC-2024-0-30-SDEV.map&SERVICE=WMS&VERSION=1.3.0&REQUEST=GetFeatureInfo&LAYERS=BT-GSNM-CAEXC-2024-0-30-SDEV&STYLES=&FORMAT=image%2Fpng&QUERY_LAYERS=BT-GSNM-CAEXC-2024-0-30-SDEV&INFO_FORMAT=text%2Fhtml&I=282&J=429
Global Soil Nutrients Map,BT-GSNM-CEC-2024-0-30-MEAN,CEC,Cation exchange capacity,cmol/kg,0-30 MEAN,http://localhost:8001/collections/metadata:main/items/e2c4c9a0-9317-11f0-99a6-17ebe5406545,https://storage.googleapis.com/fao-gismgr-glosis-data/DATA/GLOSIS/MAPSET/BT-GSNM-CEC-2024/GLOSIS.BT-GSNM-CEC-2024.D-0-30.D-MEAN.tif,http://localhost:8082/?map=/etc/mapserver/BT-GSNM-CEC-2024-0-30-MEAN.map&SERVICE=WMS&VERSION=1.3.0&REQUEST=GetMap&BBOX=26.7%2C88.7%2C28.2%2C92.1&CRS=EPSG%3A4326&WIDTH=1503&HEIGHT=690&LAYERS=BT-GSNM-CEC-2024-0-30-MEAN&STYLES=&FORMAT=image%2Fpng&DPI=96&MAP_RESOLUTION=96&FORMAT_OPTIONS=dpi%3A96&TRANSPARENT=TRUE,http://localhost:8082/?map=/etc/mapserver/BT-GSNM-CEC-2024-0-30-MEAN.map&SERVICE=WMS&VERSION=1.1.1&LAYER=BT-GSNM-CEC-2024-0-30-MEAN&REQUEST=getlegendgraphic&FORMAT=image/png,http://localhost:8082/?map=/etc/mapserver/BT-GSNM-CEC-2024-0-30-MEAN.map&SERVICE=WMS&VERSION=1.3.0&REQUEST=GetFeatureInfo&LAYERS=BT-GSNM-CEC-2024-0-30-MEAN&STYLES=&FORMAT=image%2Fpng&QUERY_LAYERS=BT-GSNM-CEC-2024-0-30-MEAN&INFO_FORMAT=text%2Fhtml&I=282&J=429
Global Soil Nutrients Map,BT-GSNM-CEC-2024-0-30-SDEV,CEC,Cation exchange capacity,cmol/kg,0-30 SDEV,http://localhost:8001/collections/metadata:main/items/e2c4c9a0-9317-11f0-99a6-17ebe5406545,https://storage.googleapis.com/fao-gismgr-glosis-data/DATA/GLOSIS/MAPSET/BT-GSNM-CEC-2024/GLOSIS.BT-GSNM-CEC-2024.D-0-30.D-SDEV.tif,http://localhost:8082/?map=/etc/mapserver/BT-GSNM-CEC-2024-0-30-SDEV.map&SERVICE=WMS&VERSION=1.3.0&REQUEST=GetMap&BBOX=26.7%2C88.7%2C28.2%2C92.1&CRS=EPSG%3A4326&WIDTH=1503&HEIGHT=690&LAYERS=BT-GSNM-CEC-2024-0-30-SDEV&STYLES=&FORMAT=image%2Fpng&DPI=96&MAP_RESOLUTION=96&FORMAT_OPTIONS=dpi%3A96&TRANSPARENT=TRUE,http://localhost:8082/?map=/etc/mapserver/BT-GSNM-CEC-2024-0-30-SDEV.map&SERVICE=WMS&VERSION=1.1.1&LAYER=BT-GSNM-CEC-2024-0-30-SDEV&REQUEST=getlegendgraphic&FORMAT=image/png,http://localhost:8082/?map=/etc/mapserver/BT-GSNM-CEC-2024-0-30-SDEV.map&SERVICE=WMS&VERSION=1.3.0&REQUEST=GetFeatureInfo&LAYERS=BT-GSNM-CEC-2024-0-30-SDEV&STYLES=&FORMAT=image%2Fpng&QUERY_LAYERS=BT-GSNM-CEC-2024-0-30-SDEV&INFO_FORMAT=text%2Fhtml&I=282&J=429
Global Soil Nutrients Map,BT-GSNM-CFRAGF-2024-0-30-MEAN,CFRAGF,Coarse fragments - field class,%,0-30 MEAN,http://localhost:8001/collections/metadata:main/items/e2c4c9a6-9317-11f0-99a6-17ebe5406545,https://storage.googleapis.com/fao-gismgr-glosis-data/DATA/GLOSIS/MAPSET/BT-GSNM-CFRAGF-2024/GLOSIS.BT-GSNM-CFRAGF-2024.D-0-30.D-MEAN.tif,http://localhost:8082/?map=/etc/mapserver/BT-GSNM-CFRAGF-2024-0-30-MEAN.map&SERVICE=WMS&VERSION=1.3.0&REQUEST=GetMap&BBOX=26.7%2C88.7%2C28.2%2C92.1&CRS=EPSG%3A4326&WIDTH=1503&HEIGHT=690&LAYERS=BT-GSNM-CFRAGF-2024-0-30-MEAN&STYLES=&FORMAT=image%2Fpng&DPI=96&MAP_RESOLUTION=96&FORMAT_OPTIONS=dpi%3A96&TRANSPARENT=TRUE,http://localhost:8082/?map=/etc/mapserver/BT-GSNM-CFRAGF-2024-0-30-MEAN.map&SERVICE=WMS&VERSION=1.1.1&LAYER=BT-GSNM-CFRAGF-2024-0-30-MEAN&REQUEST=getlegendgraphic&FORMAT=image/png,http://localhost:8082/?map=/etc/mapserver/BT-GSNM-CFRAGF-2024-0-30-MEAN.map&SERVICE=WMS&VERSION=1.3.0&REQUEST=GetFeatureInfo&LAYERS=BT-GSNM-CFRAGF-2024-0-30-MEAN&STYLES=&FORMAT=image%2Fpng&QUERY_LAYERS=BT-GSNM-CFRAGF-2024-0-30-MEAN&INFO_FORMAT=text%2Fhtml&I=282&J=429
Global Soil Nutrients Map,BT-GSNM-CFRAGF-2024-0-30-SDEV,CFRAGF,Coarse fragments - field class,%,0-30 SDEV,http://localhost:8001/collections/metadata:main/items/e2c4c9a6-9317-11f0-99a6-17ebe5406545,https://storage.googleapis.com/fao-gismgr-glosis-data/DATA/GLOSIS/MAPSET/BT-GSNM-CFRAGF-2024/GLOSIS.BT-GSNM-CFRAGF-2024.D-0-30.D-SDEV.tif,http://localhost:8082/?map=/etc/mapserver/BT-GSNM-CFRAGF-2024-0-30-SDEV.map&SERVICE=WMS&VERSION=1.3.0&REQUEST=GetMap&BBOX=26.7%2C88.7%2C28.2%2C92.1&CRS=EPSG%3A4326&WIDTH=1503&HEIGHT=690&LAYERS=BT-GSNM-CFRAGF-2024-0-30-SDEV&STYLES=&FORMAT=image%2Fpng&DPI=96&MAP_RESOLUTION=96&FORMAT_OPTIONS=dpi%3A96&TRANSPARENT=TRUE,http://localhost:8082/?map=/etc/mapserver/BT-GSNM-CFRAGF-2024-0-30-SDEV.map&SERVICE=WMS&VERSION=1.1.1&LAYER=BT-GSNM-CFRAGF-2024-0-30-SDEV&REQUEST=getlegendgraphic&FORMAT=image/png,http://localhost:8082/?map=/etc/mapserver/BT-GSNM-CFRAGF-2024-0-30-SDEV.map&SERVICE=WMS&VERSION=1.3.0&REQUEST=GetFeatureInfo&LAYERS=BT-GSNM-CFRAGF-2024-0-30-SDEV&STYLES=&FORMAT=image%2Fpng&QUERY_LAYERS=BT-GSNM-CFRAGF-2024-0-30-SDEV&INFO_FORMAT=text%2Fhtml&I=282&J=429
Global Soil Nutrients Map,BT-GSNM-CLAWRB-2024-0-0-MEAN,CLAWRB,World reference base,class,0-0 MEAN,http://localhost:8001/collections/metadata:main/items/e2c4c9b2-9317-11f0-99a6-17ebe5406545,https://storage.googleapis.com/fao-gismgr-glosis-data/DATA/GLOSIS/MAPSET/BT-GSNM-CLAWRB-2024/GLOSIS.BT-GSNM-CLAWRB-2024.D-0-0.D-MEAN.tif,http://localhost:8082/?map=/etc/mapserver/BT-GSNM-CLAWRB-2024-0-0-MEAN.map&SERVICE=WMS&VERSION=1.3.0&REQUEST=GetMap&BBOX=26.7%2C88.7%2C28.2%2C92.1&CRS=EPSG%3A4326&WIDTH=1503&HEIGHT=690&LAYERS=BT-GSNM-CLAWRB-2024-0-0-MEAN&STYLES=&FORMAT=image%2Fpng&DPI=96&MAP_RESOLUTION=96&FORMAT_OPTIONS=dpi%3A96&TRANSPARENT=TRUE,http://localhost:8082/?map=/etc/mapserver/BT-GSNM-CLAWRB-2024-0-0-MEAN.map&SERVICE=WMS&VERSION=1.1.1&LAYER=BT-GSNM-CLAWRB-2024-0-0-MEAN&REQUEST=getlegendgraphic&FORMAT=image/png,http://localhost:8082/?map=/etc/mapserver/BT-GSNM-CLAWRB-2024-0-0-MEAN.map&SERVICE=WMS&VERSION=1.3.0&REQUEST=GetFeatureInfo&LAYERS=BT-GSNM-CLAWRB-2024-0-0-MEAN&STYLES=&FORMAT=image%2Fpng&QUERY_LAYERS=BT-GSNM-CLAWRB-2024-0-0-MEAN&INFO_FORMAT=text%2Fhtml&I=282&J=429
Global Soil Nutrients Map,BT-GSNM-CLAY-2024-0-30-MEAN,CLAY,Clay texture fraction,%,0-30 MEAN,http://localhost:8001/collections/metadata:main/items/e2c4c99c-9317-11f0-99a6-17ebe5406545,https://storage.googleapis.com/fao-gismgr-glosis-data/DATA/GLOSIS/MAPSET/BT-GSNM-CLAY-2024/GLOSIS.BT-GSNM-CLAY-2024.D-0-30.D-MEAN.tif,http://localhost:8082/?map=/etc/mapserver/BT-GSNM-CLAY-2024-0-30-MEAN.map&SERVICE=WMS&VERSION=1.3.0&REQUEST=GetMap&BBOX=26.7%2C88.7%2C28.2%2C92.1&CRS=EPSG%3A4326&WIDTH=1503&HEIGHT=690&LAYERS=BT-GSNM-CLAY-2024-0-30-MEAN&STYLES=&FORMAT=image%2Fpng&DPI=96&MAP_RESOLUTION=96&FORMAT_OPTIONS=dpi%3A96&TRANSPARENT=TRUE,http://localhost:8082/?map=/etc/mapserver/BT-GSNM-CLAY-2024-0-30-MEAN.map&SERVICE=WMS&VERSION=1.1.1&LAYER=BT-GSNM-CLAY-2024-0-30-MEAN&REQUEST=getlegendgraphic&FORMAT=image/png,http://localhost:8082/?map=/etc/mapserver/BT-GSNM-CLAY-2024-0-30-MEAN.map&SERVICE=WMS&VERSION=1.3.0&REQUEST=GetFeatureInfo&LAYERS=BT-GSNM-CLAY-2024-0-30-MEAN&STYLES=&FORMAT=image%2Fpng&QUERY_LAYERS=BT-GSNM-CLAY-2024-0-30-MEAN&INFO_FORMAT=text%2Fhtml&I=282&J=429
Global Soil Nutrients Map,BT-GSNM-CLAY-2024-0-30-SDEV,CLAY,Clay texture fraction,%,0-30 SDEV,http://localhost:8001/collections/metadata:main/items/e2c4c99c-9317-11f0-99a6-17ebe5406545,https://storage.googleapis.com/fao-gismgr-glosis-data/DATA/GLOSIS/MAPSET/BT-GSNM-CLAY-2024/GLOSIS.BT-GSNM-CLAY-2024.D-0-30.D-SDEV.tif,http://localhost:8082/?map=/etc/mapserver/BT-GSNM-CLAY-2024-0-30-SDEV.map&SERVICE=WMS&VERSION=1.3.0&REQUEST=GetMap&BBOX=26.7%2C88.7%2C28.2%2C92.1&CRS=EPSG%3A4326&WIDTH=1503&HEIGHT=690&LAYERS=BT-GSNM-CLAY-2024-0-30-SDEV&STYLES=&FORMAT=image%2Fpng&DPI=96&MAP_RESOLUTION=96&FORMAT_OPTIONS=dpi%3A96&TRANSPARENT=TRUE,http://localhost:8082/?map=/etc/mapserver/BT-GSNM-CLAY-2024-0-30-SDEV.map&SERVICE=WMS&VERSION=1.1.1&LAYER=BT-GSNM-CLAY-2024-0-30-SDEV&REQUEST=getlegendgraphic&FORMAT=image/png,http://localhost:8082/?map=/etc/mapserver/BT-GSNM-CLAY-2024-0-30-SDEV.map&SERVICE=WMS&VERSION=1.3.0&REQUEST=GetFeatureInfo&LAYERS=BT-GSNM-CLAY-2024-0-30-SDEV&STYLES=&FORMAT=image%2Fpng&QUERY_LAYERS=BT-GSNM-CLAY-2024-0-30-SDEV&INFO_FORMAT=text%2Fhtml&I=282&J=429
Global Soil Nutrients Map,BT-GSNM-CNRAT-2024-0-30-MEAN,CNRAT,Carbon/Nitrogen (C/N) ratio,dimensionless,0-30 MEAN,http://localhost:8001/collections/metadata:main/items/e2c4c9a3-9317-11f0-99a6-17ebe5406545,https://storage.googleapis.com/fao-gismgr-glosis-data/DATA/GLOSIS/MAPSET/BT-GSNM-CNRAT-2024/GLOSIS.BT-GSNM-CNRAT-2024.D-0-30.D-MEAN.tif,http://localhost:8082/?map=/etc/mapserver/BT-GSNM-CNRAT-2024-0-30-MEAN.map&SERVICE=WMS&VERSION=1.3.0&REQUEST=GetMap&BBOX=26.7%2C88.7%2C28.2%2C92.1&CRS=EPSG%3A4326&WIDTH=1503&HEIGHT=690&LAYERS=BT-GSNM-CNRAT-2024-0-30-MEAN&STYLES=&FORMAT=image%2Fpng&DPI=96&MAP_RESOLUTION=96&FORMAT_OPTIONS=dpi%3A96&TRANSPARENT=TRUE,http://localhost:8082/?map=/etc/mapserver/BT-GSNM-CNRAT-2024-0-30-MEAN.map&SERVICE=WMS&VERSION=1.1.1&LAYER=BT-GSNM-CNRAT-2024-0-30-MEAN&REQUEST=getlegendgraphic&FORMAT=image/png,http://localhost:8082/?map=/etc/mapserver/BT-GSNM-CNRAT-2024-0-30-MEAN.map&SERVICE=WMS&VERSION=1.3.0&REQUEST=GetFeatureInfo&LAYERS=BT-GSNM-CNRAT-2024-0-30-MEAN&STYLES=&FORMAT=image%2Fpng&QUERY_LAYERS=BT-GSNM-CNRAT-2024-0-30-MEAN&INFO_FORMAT=text%2Fhtml&I=282&J=429
Global Soil Nutrients Map,BT-GSNM-CNRAT-2024-0-30-SDEV,CNRAT,Carbon/Nitrogen (C/N) ratio,dimensionless,0-30 SDEV,http://localhost:8001/collections/metadata:main/items/e2c4c9a3-9317-11f0-99a6-17ebe5406545,https://storage.googleapis.com/fao-gismgr-glosis-data/DATA/GLOSIS/MAPSET/BT-GSNM-CNRAT-2024/GLOSIS.BT-GSNM-CNRAT-2024.D-0-30.D-SDEV.tif,http://localhost:8082/?map=/etc/mapserver/BT-GSNM-CNRAT-2024-0-30-SDEV.map&SERVICE=WMS&VERSION=1.3.0&REQUEST=GetMap&BBOX=26.7%2C88.7%2C28.2%2C92.1&CRS=EPSG%3A4326&WIDTH=1503&HEIGHT=690&LAYERS=BT-GSNM-CNRAT-2024-0-30-SDEV&STYLES=&FORMAT=image%2Fpng&DPI=96&MAP_RESOLUTION=96&FORMAT_OPTIONS=dpi%3A96&TRANSPARENT=TRUE,http://localhost:8082/?map=/etc/mapserver/BT-GSNM-CNRAT-2024-0-30-SDEV.map&SERVICE=WMS&VERSION=1.1.1&LAYER=BT-GSNM-CNRAT-2024-0-30-SDEV&REQUEST=getlegendgraphic&FORMAT=image/png,http://localhost:8082/?map=/etc/mapserver/BT-GSNM-CNRAT-2024-0-30-SDEV.map&SERVICE=WMS&VERSION=1.3.0&REQUEST=GetFeatureInfo&LAYERS=BT-GSNM-CNRAT-2024-0-30-SDEV&STYLES=&FORMAT=image%2Fpng&QUERY_LAYERS=BT-GSNM-CNRAT-2024-0-30-SDEV&INFO_FORMAT=text%2Fhtml&I=282&J=429
Global Soil Nutrients Map,BT-GSNM-CORG-2024-0-30-MEAN,CORG,Carbon (C) - organic,%,0-30 MEAN,http://localhost:8001/collections/metadata:main/items/e394504b-9317-11f0-99a6-17ebe5406545,https://storage.googleapis.com/fao-gismgr-glosis-data/DATA/GLOSIS/MAPSET/BT-GSNM-CORG-2024/GLOSIS.BT-GSNM-CORG-2024.D-0-30.D-MEAN.tif,http://localhost:8082/?map=/etc/mapserver/BT-GSNM-CORG-2024-0-30-MEAN.map&SERVICE=WMS&VERSION=1.3.0&REQUEST=GetMap&BBOX=26.7%2C88.7%2C28.2%2C92.1&CRS=EPSG%3A4326&WIDTH=1503&HEIGHT=690&LAYERS=BT-GSNM-CORG-2024-0-30-MEAN&STYLES=&FORMAT=image%2Fpng&DPI=96&MAP_RESOLUTION=96&FORMAT_OPTIONS=dpi%3A96&TRANSPARENT=TRUE,http://localhost:8082/?map=/etc/mapserver/BT-GSNM-CORG-2024-0-30-MEAN.map&SERVICE=WMS&VERSION=1.1.1&LAYER=BT-GSNM-CORG-2024-0-30-MEAN&REQUEST=getlegendgraphic&FORMAT=image/png,http://localhost:8082/?map=/etc/mapserver/BT-GSNM-CORG-2024-0-30-MEAN.map&SERVICE=WMS&VERSION=1.3.0&REQUEST=GetFeatureInfo&LAYERS=BT-GSNM-CORG-2024-0-30-MEAN&STYLES=&FORMAT=image%2Fpng&QUERY_LAYERS=BT-GSNM-CORG-2024-0-30-MEAN&INFO_FORMAT=text%2Fhtml&I=282&J=429
Global Soil Nutrients Map,BT-GSNM-CORG-2024-0-30-SDEV,CORG,Carbon (C) - organic,%,0-30 SDEV,http://localhost:8001/collections/metadata:main/items/e394504b-9317-11f0-99a6-17ebe5406545,https://storage.googleapis.com/fao-gismgr-glosis-data/DATA/GLOSIS/MAPSET/BT-GSNM-CORG-2024/GLOSIS.BT-GSNM-CORG-2024.D-0-30.D-SDEV.tif,http://localhost:8082/?map=/etc/mapserver/BT-GSNM-CORG-2024-0-30-SDEV.map&SERVICE=WMS&VERSION=1.3.0&REQUEST=GetMap&BBOX=26.7%2C88.7%2C28.2%2C92.1&CRS=EPSG%3A4326&WIDTH=1503&HEIGHT=690&LAYERS=BT-GSNM-CORG-2024-0-30-SDEV&STYLES=&FORMAT=image%2Fpng&DPI=96&MAP_RESOLUTION=96&FORMAT_OPTIONS=dpi%3A96&TRANSPARENT=TRUE,http://localhost:8082/?map=/etc/mapserver/BT-GSNM-CORG-2024-0-30-SDEV.map&SERVICE=WMS&VERSION=1.1.1&LAYER=BT-GSNM-CORG-2024-0-30-SDEV&REQUEST=getlegendgraphic&FORMAT=image/png,http://localhost:8082/?map=/etc/mapserver/BT-GSNM-CORG-2024-0-30-SDEV.map&SERVICE=WMS&VERSION=1.3.0&REQUEST=GetFeatureInfo&LAYERS=BT-GSNM-CORG-2024-0-30-SDEV&STYLES=&FORMAT=image%2Fpng&QUERY_LAYERS=BT-GSNM-CORG-2024-0-30-SDEV&INFO_FORMAT=text%2Fhtml&I=282&J=429
Global Soil Nutrients Map,BT-GSNM-KEXC-2024-0-30-MEAN,KEXC,Potassium (K+) - exchangeable,cmol/kg,0-30 MEAN,http://localhost:8001/collections/metadata:main/items/e3945040-9317-11f0-99a6-17ebe5406545,https://storage.googleapis.com/fao-gismgr-glosis-data/DATA/GLOSIS/MAPSET/BT-GSNM-KEXC-2024/GLOSIS.BT-GSNM-KEXC-2024.D-0-30.D-MEAN.tif,http://localhost:8082/?map=/etc/mapserver/BT-GSNM-KEXC-2024-0-30-MEAN.map&SERVICE=WMS&VERSION=1.3.0&REQUEST=GetMap&BBOX=26.7%2C88.7%2C28.2%2C92.1&CRS=EPSG%3A4326&WIDTH=1503&HEIGHT=690&LAYERS=BT-GSNM-KEXC-2024-0-30-MEAN&STYLES=&FORMAT=image%2Fpng&DPI=96&MAP_RESOLUTION=96&FORMAT_OPTIONS=dpi%3A96&TRANSPARENT=TRUE,http://localhost:8082/?map=/etc/mapserver/BT-GSNM-KEXC-2024-0-30-MEAN.map&SERVICE=WMS&VERSION=1.1.1&LAYER=BT-GSNM-KEXC-2024-0-30-MEAN&REQUEST=getlegendgraphic&FORMAT=image/png,http://localhost:8082/?map=/etc/mapserver/BT-GSNM-KEXC-2024-0-30-MEAN.map&SERVICE=WMS&VERSION=1.3.0&REQUEST=GetFeatureInfo&LAYERS=BT-GSNM-KEXC-2024-0-30-MEAN&STYLES=&FORMAT=image%2Fpng&QUERY_LAYERS=BT-GSNM-KEXC-2024-0-30-MEAN&INFO_FORMAT=text%2Fhtml&I=282&J=429
Global Soil Nutrients Map,BT-GSNM-KEXC-2024-0-30-SDEV,KEXC,Potassium (K+) - exchangeable,cmol/kg,0-30 SDEV,http://localhost:8001/collections/metadata:main/items/e3945040-9317-11f0-99a6-17ebe5406545,https://storage.googleapis.com/fao-gismgr-glosis-data/DATA/GLOSIS/MAPSET/BT-GSNM-KEXC-2024/GLOSIS.BT-GSNM-KEXC-2024.D-0-30.D-SDEV.tif,http://localhost:8082/?map=/etc/mapserver/BT-GSNM-KEXC-2024-0-30-SDEV.map&SERVICE=WMS&VERSION=1.3.0&REQUEST=GetMap&BBOX=26.7%2C88.7%2C28.2%2C92.1&CRS=EPSG%3A4326&WIDTH=1503&HEIGHT=690&LAYERS=BT-GSNM-KEXC-2024-0-30-SDEV&STYLES=&FORMAT=image%2Fpng&DPI=96&MAP_RESOLUTION=96&FORMAT_OPTIONS=dpi%3A96&TRANSPARENT=TRUE,http://localhost:8082/?map=/etc/mapserver/BT-GSNM-KEXC-2024-0-30-SDEV.map&SERVICE=WMS&VERSION=1.1.1&LAYER=BT-GSNM-KEXC-2024-0-30-SDEV&REQUEST=getlegendgraphic&FORMAT=image/png,http://localhost:8082/?map=/etc/mapserver/BT-GSNM-KEXC-2024-0-30-SDEV.map&SERVICE=WMS&VERSION=1.3.0&REQUEST=GetFeatureInfo&LAYERS=BT-GSNM-KEXC-2024-0-30-SDEV&STYLES=&FORMAT=image%2Fpng&QUERY_LAYERS=BT-GSNM-KEXC-2024-0-30-SDEV&INFO_FORMAT=text%2Fhtml&I=282&J=429
Global Soil Nutrients Map,BT-GSNM-KXX-2024-0-30-MEAN,KXX,Potassium (K),mg/kg,0-30 MEAN,http://localhost:8001/collections/metadata:main/items/e3945050-9317-11f0-99a6-17ebe5406545,https://storage.googleapis.com/fao-gismgr-glosis-data/DATA/GLOSIS/MAPSET/BT-GSNM-KXX-2024/GLOSIS.BT-GSNM-KXX-2024.D-0-30.D-MEAN.tif,http://localhost:8082/?map=/etc/mapserver/BT-GSNM-KXX-2024-0-30-MEAN.map&SERVICE=WMS&VERSION=1.3.0&REQUEST=GetMap&BBOX=26.7%2C88.7%2C28.2%2C92.1&CRS=EPSG%3A4326&WIDTH=1503&HEIGHT=690&LAYERS=BT-GSNM-KXX-2024-0-30-MEAN&STYLES=&FORMAT=image%2Fpng&DPI=96&MAP_RESOLUTION=96&FORMAT_OPTIONS=dpi%3A96&TRANSPARENT=TRUE,http://localhost:8082/?map=/etc/mapserver/BT-GSNM-KXX-2024-0-30-MEAN.map&SERVICE=WMS&VERSION=1.1.1&LAYER=BT-GSNM-KXX-2024-0-30-MEAN&REQUEST=getlegendgraphic&FORMAT=image/png,http://localhost:8082/?map=/etc/mapserver/BT-GSNM-KXX-2024-0-30-MEAN.map&SERVICE=WMS&VERSION=1.3.0&REQUEST=GetFeatureInfo&LAYERS=BT-GSNM-KXX-2024-0-30-MEAN&STYLES=&FORMAT=image%2Fpng&QUERY_LAYERS=BT-GSNM-KXX-2024-0-30-MEAN&INFO_FORMAT=text%2Fhtml&I=282&J=429
Global Soil Nutrients Map,BT-GSNM-KXX-2024-0-30-SDEV,KXX,Potassium (K),mg/kg,0-30 SDEV,http://localhost:8001/collections/metadata:main/items/e3945050-9317-11f0-99a6-17ebe5406545,https://storage.googleapis.com/fao-gismgr-glosis-data/DATA/GLOSIS/MAPSET/BT-GSNM-KXX-2024/GLOSIS.BT-GSNM-KXX-2024.D-0-30.D-SDEV.tif,http://localhost:8082/?map=/etc/mapserver/BT-GSNM-KXX-2024-0-30-SDEV.map&SERVICE=WMS&VERSION=1.3.0&REQUEST=GetMap&BBOX=26.7%2C88.7%2C28.2%2C92.1&CRS=EPSG%3A4326&WIDTH=1503&HEIGHT=690&LAYERS=BT-GSNM-KXX-2024-0-30-SDEV&STYLES=&FORMAT=image%2Fpng&DPI=96&MAP_RESOLUTION=96&FORMAT_OPTIONS=dpi%3A96&TRANSPARENT=TRUE,http://localhost:8082/?map=/etc/mapserver/BT-GSNM-KXX-2024-0-30-SDEV.map&SERVICE=WMS&VERSION=1.1.1&LAYER=BT-GSNM-KXX-2024-0-30-SDEV&REQUEST=getlegendgraphic&FORMAT=image/png,http://localhost:8082/?map=/etc/mapserver/BT-GSNM-KXX-2024-0-30-SDEV.map&SERVICE=WMS&VERSION=1.3.0&REQUEST=GetFeatureInfo&LAYERS=BT-GSNM-KXX-2024-0-30-SDEV&STYLES=&FORMAT=image%2Fpng&QUERY_LAYERS=BT-GSNM-KXX-2024-0-30-SDEV&INFO_FORMAT=text%2Fhtml&I=282&J=429
Global Soil Nutrients Map,BT-GSNM-MGEXC-2024-0-30-MEAN,MGEXC,Magnesium (Mg++) - exchangeable,cmol/kg,0-30 MEAN,http://localhost:8001/collections/metadata:main/items/e2c4c994-9317-11f0-99a6-17ebe5406545,https://storage.googleapis.com/fao-gismgr-glosis-data/DATA/GLOSIS/MAPSET/BT-GSNM-MGEXC-2024/GLOSIS.BT-GSNM-MGEXC-2024.D-0-30.D-MEAN.tif,http://localhost:8082/?map=/etc/mapserver/BT-GSNM-MGEXC-2024-0-30-MEAN.map&SERVICE=WMS&VERSION=1.3.0&REQUEST=GetMap&BBOX=26.7%2C88.7%2C28.2%2C92.1&CRS=EPSG%3A4326&WIDTH=1503&HEIGHT=690&LAYERS=BT-GSNM-MGEXC-2024-0-30-MEAN&STYLES=&FORMAT=image%2Fpng&DPI=96&MAP_RESOLUTION=96&FORMAT_OPTIONS=dpi%3A96&TRANSPARENT=TRUE,http://localhost:8082/?map=/etc/mapserver/BT-GSNM-MGEXC-2024-0-30-MEAN.map&SERVICE=WMS&VERSION=1.1.1&LAYER=BT-GSNM-MGEXC-2024-0-30-MEAN&REQUEST=getlegendgraphic&FORMAT=image/png,http://localhost:8082/?map=/etc/mapserver/BT-GSNM-MGEXC-2024-0-30-MEAN.map&SERVICE=WMS&VERSION=1.3.0&REQUEST=GetFeatureInfo&LAYERS=BT-GSNM-MGEXC-2024-0-30-MEAN&STYLES=&FORMAT=image%2Fpng&QUERY_LAYERS=BT-GSNM-MGEXC-2024-0-30-MEAN&INFO_FORMAT=text%2Fhtml&I=282&J=429
Global Soil Nutrients Map,BT-GSNM-MGEXC-2024-0-30-SDEV,MGEXC,Magnesium (Mg++) - exchangeable,cmol/kg,0-30 SDEV,http://localhost:8001/collections/metadata:main/items/e2c4c994-9317-11f0-99a6-17ebe5406545,https://storage.googleapis.com/fao-gismgr-glosis-data/DATA/GLOSIS/MAPSET/BT-GSNM-MGEXC-2024/GLOSIS.BT-GSNM-MGEXC-2024.D-0-30.D-SDEV.tif,http://localhost:8082/?map=/etc/mapserver/BT-GSNM-MGEXC-2024-0-30-SDEV.map&SERVICE=WMS&VERSION=1.3.0&REQUEST=GetMap&BBOX=26.7%2C88.7%2C28.2%2C92.1&CRS=EPSG%3A4326&WIDTH=1503&HEIGHT=690&LAYERS=BT-GSNM-MGEXC-2024-0-30-SDEV&STYLES=&FORMAT=image%2Fpng&DPI=96&MAP_RESOLUTION=96&FORMAT_OPTIONS=dpi%3A96&TRANSPARENT=TRUE,http://localhost:8082/?map=/etc/mapserver/BT-GSNM-MGEXC-2024-0-30-SDEV.map&SERVICE=WMS&VERSION=1.1.1&LAYER=BT-GSNM-MGEXC-2024-0-30-SDEV&REQUEST=getlegendgraphic&FORMAT=image/png,http://localhost:8082/?map=/etc/mapserver/BT-GSNM-MGEXC-2024-0-30-SDEV.map&SERVICE=WMS&VERSION=1.3.0&REQUEST=GetFeatureInfo&LAYERS=BT-GSNM-MGEXC-2024-0-30-SDEV&STYLES=&FORMAT=image%2Fpng&QUERY_LAYERS=BT-GSNM-MGEXC-2024-0-30-SDEV&INFO_FORMAT=text%2Fhtml&I=282&J=429
Global Soil Nutrients Map,BT-GSNM-NAEXC-2024-0-30-MEAN,NAEXC,Sodium (Na+) - exchangeable,%,0-30 MEAN,http://localhost:8001/collections/metadata:main/items/e2c4c998-9317-11f0-99a6-17ebe5406545,https://storage.googleapis.com/fao-gismgr-glosis-data/DATA/GLOSIS/MAPSET/BT-GSNM-NAEXC-2024/GLOSIS.BT-GSNM-NAEXC-2024.D-0-30.D-MEAN.tif,http://localhost:8082/?map=/etc/mapserver/BT-GSNM-NAEXC-2024-0-30-MEAN.map&SERVICE=WMS&VERSION=1.3.0&REQUEST=GetMap&BBOX=26.7%2C88.7%2C28.2%2C92.1&CRS=EPSG%3A4326&WIDTH=1503&HEIGHT=690&LAYERS=BT-GSNM-NAEXC-2024-0-30-MEAN&STYLES=&FORMAT=image%2Fpng&DPI=96&MAP_RESOLUTION=96&FORMAT_OPTIONS=dpi%3A96&TRANSPARENT=TRUE,http://localhost:8082/?map=/etc/mapserver/BT-GSNM-NAEXC-2024-0-30-MEAN.map&SERVICE=WMS&VERSION=1.1.1&LAYER=BT-GSNM-NAEXC-2024-0-30-MEAN&REQUEST=getlegendgraphic&FORMAT=image/png,http://localhost:8082/?map=/etc/mapserver/BT-GSNM-NAEXC-2024-0-30-MEAN.map&SERVICE=WMS&VERSION=1.3.0&REQUEST=GetFeatureInfo&LAYERS=BT-GSNM-NAEXC-2024-0-30-MEAN&STYLES=&FORMAT=image%2Fpng&QUERY_LAYERS=BT-GSNM-NAEXC-2024-0-30-MEAN&INFO_FORMAT=text%2Fhtml&I=282&J=429
Global Soil Nutrients Map,BT-GSNM-NAEXC-2024-0-30-SDEV,NAEXC,Sodium (Na+) - exchangeable,%,0-30 SDEV,http://localhost:8001/collections/metadata:main/items/e2c4c998-9317-11f0-99a6-17ebe5406545,https://storage.googleapis.com/fao-gismgr-glosis-data/DATA/GLOSIS/MAPSET/BT-GSNM-NAEXC-2024/GLOSIS.BT-GSNM-NAEXC-2024.D-0-30.D-SDEV.tif,http://localhost:8082/?map=/etc/mapserver/BT-GSNM-NAEXC-2024-0-30-SDEV.map&SERVICE=WMS&VERSION=1.3.0&REQUEST=GetMap&BBOX=26.7%2C88.7%2C28.2%2C92.1&CRS=EPSG%3A4326&WIDTH=1503&HEIGHT=690&LAYERS=BT-GSNM-NAEXC-2024-0-30-SDEV&STYLES=&FORMAT=image%2Fpng&DPI=96&MAP_RESOLUTION=96&FORMAT_OPTIONS=dpi%3A96&TRANSPARENT=TRUE,http://localhost:8082/?map=/etc/mapserver/BT-GSNM-NAEXC-2024-0-30-SDEV.map&SERVICE=WMS&VERSION=1.1.1&LAYER=BT-GSNM-NAEXC-2024-0-30-SDEV&REQUEST=getlegendgraphic&FORMAT=image/png,http://localhost:8082/?map=/etc/mapserver/BT-GSNM-NAEXC-2024-0-30-SDEV.map&SERVICE=WMS&VERSION=1.3.0&REQUEST=GetFeatureInfo&LAYERS=BT-GSNM-NAEXC-2024-0-30-SDEV&STYLES=&FORMAT=image%2Fpng&QUERY_LAYERS=BT-GSNM-NAEXC-2024-0-30-SDEV&INFO_FORMAT=text%2Fhtml&I=282&J=429
Global Soil Nutrients Map,BT-GSNM-NTOT-2024-0-30-MEAN,NTOT,Nitrogen (N) - total,%,0-30 MEAN,http://localhost:8001/collections/metadata:main/items/e2c4c9b8-9317-11f0-99a6-17ebe5406545,https://storage.googleapis.com/fao-gismgr-glosis-data/DATA/GLOSIS/MAPSET/BT-GSNM-NTOT-2024/GLOSIS.BT-GSNM-NTOT-2024.D-0-30.D-MEAN.tif,http://localhost:8082/?map=/etc/mapserver/BT-GSNM-NTOT-2024-0-30-MEAN.map&SERVICE=WMS&VERSION=1.3.0&REQUEST=GetMap&BBOX=26.7%2C88.7%2C28.2%2C92.1&CRS=EPSG%3A4326&WIDTH=1503&HEIGHT=690&LAYERS=BT-GSNM-NTOT-2024-0-30-MEAN&STYLES=&FORMAT=image%2Fpng&DPI=96&MAP_RESOLUTION=96&FORMAT_OPTIONS=dpi%3A96&TRANSPARENT=TRUE,http://localhost:8082/?map=/etc/mapserver/BT-GSNM-NTOT-2024-0-30-MEAN.map&SERVICE=WMS&VERSION=1.1.1&LAYER=BT-GSNM-NTOT-2024-0-30-MEAN&REQUEST=getlegendgraphic&FORMAT=image/png,http://localhost:8082/?map=/etc/mapserver/BT-GSNM-NTOT-2024-0-30-MEAN.map&SERVICE=WMS&VERSION=1.3.0&REQUEST=GetFeatureInfo&LAYERS=BT-GSNM-NTOT-2024-0-30-MEAN&STYLES=&FORMAT=image%2Fpng&QUERY_LAYERS=BT-GSNM-NTOT-2024-0-30-MEAN&INFO_FORMAT=text%2Fhtml&I=282&J=429
Global Soil Nutrients Map,BT-GSNM-NTOT-2024-0-30-SDEV,NTOT,Nitrogen (N) - total,%,0-30 SDEV,http://localhost:8001/collections/metadata:main/items/e2c4c9b8-9317-11f0-99a6-17ebe5406545,https://storage.googleapis.com/fao-gismgr-glosis-data/DATA/GLOSIS/MAPSET/BT-GSNM-NTOT-2024/GLOSIS.BT-GSNM-NTOT-2024.D-0-30.D-SDEV.tif,http://localhost:8082/?map=/etc/mapserver/BT-GSNM-NTOT-2024-0-30-SDEV.map&SERVICE=WMS&VERSION=1.3.0&REQUEST=GetMap&BBOX=26.7%2C88.7%2C28.2%2C92.1&CRS=EPSG%3A4326&WIDTH=1503&HEIGHT=690&LAYERS=BT-GSNM-NTOT-2024-0-30-SDEV&STYLES=&FORMAT=image%2Fpng&DPI=96&MAP_RESOLUTION=96&FORMAT_OPTIONS=dpi%3A96&TRANSPARENT=TRUE,http://localhost:8082/?map=/etc/mapserver/BT-GSNM-NTOT-2024-0-30-SDEV.map&SERVICE=WMS&VERSION=1.1.1&LAYER=BT-GSNM-NTOT-2024-0-30-SDEV&REQUEST=getlegendgraphic&FORMAT=image/png,http://localhost:8082/?map=/etc/mapserver/BT-GSNM-NTOT-2024-0-30-SDEV.map&SERVICE=WMS&VERSION=1.3.0&REQUEST=GetFeatureInfo&LAYERS=BT-GSNM-NTOT-2024-0-30-SDEV&STYLES=&FORMAT=image%2Fpng&QUERY_LAYERS=BT-GSNM-NTOT-2024-0-30-SDEV&INFO_FORMAT=text%2Fhtml&I=282&J=429
Global Soil Nutrients Map,BT-GSNM-PHAQ-2024-0-30-MEAN,PHAQ,pH - Hydrogen potential in water,pH,0-30 MEAN,http://localhost:8001/collections/metadata:main/items/e2c4c996-9317-11f0-99a6-17ebe5406545,https://storage.googleapis.com/fao-gismgr-glosis-data/DATA/GLOSIS/MAPSET/BT-GSNM-PHAQ-2024/GLOSIS.BT-GSNM-PHAQ-2024.D-0-30.D-MEAN.tif,http://localhost:8082/?map=/etc/mapserver/BT-GSNM-PHAQ-2024-0-30-MEAN.map&SERVICE=WMS&VERSION=1.3.0&REQUEST=GetMap&BBOX=26.7%2C88.7%2C28.2%2C92.1&CRS=EPSG%3A4326&WIDTH=1503&HEIGHT=690&LAYERS=BT-GSNM-PHAQ-2024-0-30-MEAN&STYLES=&FORMAT=image%2Fpng&DPI=96&MAP_RESOLUTION=96&FORMAT_OPTIONS=dpi%3A96&TRANSPARENT=TRUE,http://localhost:8082/?map=/etc/mapserver/BT-GSNM-PHAQ-2024-0-30-MEAN.map&SERVICE=WMS&VERSION=1.1.1&LAYER=BT-GSNM-PHAQ-2024-0-30-MEAN&REQUEST=getlegendgraphic&FORMAT=image/png,http://localhost:8082/?map=/etc/mapserver/BT-GSNM-PHAQ-2024-0-30-MEAN.map&SERVICE=WMS&VERSION=1.3.0&REQUEST=GetFeatureInfo&LAYERS=BT-GSNM-PHAQ-2024-0-30-MEAN&STYLES=&FORMAT=image%2Fpng&QUERY_LAYERS=BT-GSNM-PHAQ-2024-0-30-MEAN&INFO_FORMAT=text%2Fhtml&I=282&J=429
Global Soil Nutrients Map,BT-GSNM-PHAQ-2024-0-30-SDEV,PHAQ,pH - Hydrogen potential in water,pH,0-30 SDEV,http://localhost:8001/collections/metadata:main/items/e2c4c996-9317-11f0-99a6-17ebe5406545,https://storage.googleapis.com/fao-gismgr-glosis-data/DATA/GLOSIS/MAPSET/BT-GSNM-PHAQ-2024/GLOSIS.BT-GSNM-PHAQ-2024.D-0-30.D-SDEV.tif,http://localhost:8082/?map=/etc/mapserver/BT-GSNM-PHAQ-2024-0-30-SDEV.map&SERVICE=WMS&VERSION=1.3.0&REQUEST=GetMap&BBOX=26.7%2C88.7%2C28.2%2C92.1&CRS=EPSG%3A4326&WIDTH=1503&HEIGHT=690&LAYERS=BT-GSNM-PHAQ-2024-0-30-SDEV&STYLES=&FORMAT=image%2Fpng&DPI=96&MAP_RESOLUTION=96&FORMAT_OPTIONS=dpi%3A96&TRANSPARENT=TRUE,http://localhost:8082/?map=/etc/mapserver/BT-GSNM-PHAQ-2024-0-30-SDEV.map&SERVICE=WMS&VERSION=1.1.1&LAYER=BT-GSNM-PHAQ-2024-0-30-SDEV&REQUEST=getlegendgraphic&FORMAT=image/png,http://localhost:8082/?map=/etc/mapserver/BT-GSNM-PHAQ-2024-0-30-SDEV.map&SERVICE=WMS&VERSION=1.3.0&REQUEST=GetFeatureInfo&LAYERS=BT-GSNM-PHAQ-2024-0-30-SDEV&STYLES=&FORMAT=image%2Fpng&QUERY_LAYERS=BT-GSNM-PHAQ-2024-0-30-SDEV&INFO_FORMAT=text%2Fhtml&I=282&J=429
Global Soil Nutrients Map,BT-GSNM-PXX-2024-0-30-MEAN,PXX,Phosphorus (P),mg/kg,0-30 MEAN,http://localhost:8001/collections/metadata:main/items/e2c4c997-9317-11f0-99a6-17ebe5406545,https://storage.googleapis.com/fao-gismgr-glosis-data/DATA/GLOSIS/MAPSET/BT-GSNM-PXX-2024/GLOSIS.BT-GSNM-PXX-2024.D-0-30.D-MEAN.tif,http://localhost:8082/?map=/etc/mapserver/BT-GSNM-PXX-2024-0-30-MEAN.map&SERVICE=WMS&VERSION=1.3.0&REQUEST=GetMap&BBOX=26.7%2C88.7%2C28.2%2C92.1&CRS=EPSG%3A4326&WIDTH=1503&HEIGHT=690&LAYERS=BT-GSNM-PXX-2024-0-30-MEAN&STYLES=&FORMAT=image%2Fpng&DPI=96&MAP_RESOLUTION=96&FORMAT_OPTIONS=dpi%3A96&TRANSPARENT=TRUE,http://localhost:8082/?map=/etc/mapserver/BT-GSNM-PXX-2024-0-30-MEAN.map&SERVICE=WMS&VERSION=1.1.1&LAYER=BT-GSNM-PXX-2024-0-30-MEAN&REQUEST=getlegendgraphic&FORMAT=image/png,http://localhost:8082/?map=/etc/mapserver/BT-GSNM-PXX-2024-0-30-MEAN.map&SERVICE=WMS&VERSION=1.3.0&REQUEST=GetFeatureInfo&LAYERS=BT-GSNM-PXX-2024-0-30-MEAN&STYLES=&FORMAT=image%2Fpng&QUERY_LAYERS=BT-GSNM-PXX-2024-0-30-MEAN&INFO_FORMAT=text%2Fhtml&I=282&J=429
Global Soil Nutrients Map,BT-GSNM-PXX-2024-0-30-SDEV,PXX,Phosphorus (P),mg/kg,0-30 SDEV,http://localhost:8001/collections/metadata:main/items/e2c4c997-9317-11f0-99a6-17ebe5406545,https://storage.googleapis.com/fao-gismgr-glosis-data/DATA/GLOSIS/MAPSET/BT-GSNM-PXX-2024/GLOSIS.BT-GSNM-PXX-2024.D-0-30.D-SDEV.tif,http://localhost:8082/?map=/etc/mapserver/BT-GSNM-PXX-2024-0-30-SDEV.map&SERVICE=WMS&VERSION=1.3.0&REQUEST=GetMap&BBOX=26.7%2C88.7%2C28.2%2C92.1&CRS=EPSG%3A4326&WIDTH=1503&HEIGHT=690&LAYERS=BT-GSNM-PXX-2024-0-30-SDEV&STYLES=&FORMAT=image%2Fpng&DPI=96&MAP_RESOLUTION=96&FORMAT_OPTIONS=dpi%3A96&TRANSPARENT=TRUE,http://localhost:8082/?map=/etc/mapserver/BT-GSNM-PXX-2024-0-30-SDEV.map&SERVICE=WMS&VERSION=1.1.1&LAYER=BT-GSNM-PXX-2024-0-30-SDEV&REQUEST=getlegendgraphic&FORMAT=image/png,http://localhost:8082/?map=/etc/mapserver/BT-GSNM-PXX-2024-0-30-SDEV.map&SERVICE=WMS&VERSION=1.3.0&REQUEST=GetFeatureInfo&LAYERS=BT-GSNM-PXX-2024-0-30-SDEV&STYLES=&FORMAT=image%2Fpng&QUERY_LAYERS=BT-GSNM-PXX-2024-0-30-SDEV&INFO_FORMAT=text%2Fhtml&I=282&J=429
Global Soil Nutrients Map,BT-GSNM-SAND-2024-0-30-MEAN,SAND,Sand texture fraction,%,0-30 MEAN,http://localhost:8001/collections/metadata:main/items/e2c4c995-9317-11f0-99a6-17ebe5406545,https://storage.googleapis.com/fao-gismgr-glosis-data/DATA/GLOSIS/MAPSET/BT-GSNM-SAND-2024/GLOSIS.BT-GSNM-SAND-2024.D-0-30.D-MEAN.tif,http://localhost:8082/?map=/etc/mapserver/BT-GSNM-SAND-2024-0-30-MEAN.map&SERVICE=WMS&VERSION=1.3.0&REQUEST=GetMap&BBOX=26.7%2C88.7%2C28.2%2C92.1&CRS=EPSG%3A4326&WIDTH=1503&HEIGHT=690&LAYERS=BT-GSNM-SAND-2024-0-30-MEAN&STYLES=&FORMAT=image%2Fpng&DPI=96&MAP_RESOLUTION=96&FORMAT_OPTIONS=dpi%3A96&TRANSPARENT=TRUE,http://localhost:8082/?map=/etc/mapserver/BT-GSNM-SAND-2024-0-30-MEAN.map&SERVICE=WMS&VERSION=1.1.1&LAYER=BT-GSNM-SAND-2024-0-30-MEAN&REQUEST=getlegendgraphic&FORMAT=image/png,http://localhost:8082/?map=/etc/mapserver/BT-GSNM-SAND-2024-0-30-MEAN.map&SERVICE=WMS&VERSION=1.3.0&REQUEST=GetFeatureInfo&LAYERS=BT-GSNM-SAND-2024-0-30-MEAN&STYLES=&FORMAT=image%2Fpng&QUERY_LAYERS=BT-GSNM-SAND-2024-0-30-MEAN&INFO_FORMAT=text%2Fhtml&I=282&J=429
Global Soil Nutrients Map,BT-GSNM-SAND-2024-0-30-SDEV,SAND,Sand texture fraction,%,0-30 SDEV,http://localhost:8001/collections/metadata:main/items/e2c4c995-9317-11f0-99a6-17ebe5406545,https://storage.googleapis.com/fao-gismgr-glosis-data/DATA/GLOSIS/MAPSET/BT-GSNM-SAND-2024/GLOSIS.BT-GSNM-SAND-2024.D-0-30.D-SDEV.tif,http://localhost:8082/?map=/etc/mapserver/BT-GSNM-SAND-2024-0-30-SDEV.map&SERVICE=WMS&VERSION=1.3.0&REQUEST=GetMap&BBOX=26.7%2C88.7%2C28.2%2C92.1&CRS=EPSG%3A4326&WIDTH=1503&HEIGHT=690&LAYERS=BT-GSNM-SAND-2024-0-30-SDEV&STYLES=&FORMAT=image%2Fpng&DPI=96&MAP_RESOLUTION=96&FORMAT_OPTIONS=dpi%3A96&TRANSPARENT=TRUE,http://localhost:8082/?map=/etc/mapserver/BT-GSNM-SAND-2024-0-30-SDEV.map&SERVICE=WMS&VERSION=1.1.1&LAYER=BT-GSNM-SAND-2024-0-30-SDEV&REQUEST=getlegendgraphic&FORMAT=image/png,http://localhost:8082/?map=/etc/mapserver/BT-GSNM-SAND-2024-0-30-SDEV.map&SERVICE=WMS&VERSION=1.3.0&REQUEST=GetFeatureInfo&LAYERS=BT-GSNM-SAND-2024-0-30-SDEV&STYLES=&FORMAT=image%2Fpng&QUERY_LAYERS=BT-GSNM-SAND-2024-0-30-SDEV&INFO_FORMAT=text%2Fhtml&I=282&J=429
Global Soil Nutrients Map,BT-GSNM-SILT-2024-0-30-MEAN,SILT,Silt texture fraction,%,0-30 MEAN,http://localhost:8001/collections/metadata:main/items/e2c4c99b-9317-11f0-99a6-17ebe5406545,https://storage.googleapis.com/fao-gismgr-glosis-data/DATA/GLOSIS/MAPSET/BT-GSNM-SILT-2024/GLOSIS.BT-GSNM-SILT-2024.D-0-30.D-MEAN.tif,http://localhost:8082/?map=/etc/mapserver/BT-GSNM-SILT-2024-0-30-MEAN.map&SERVICE=WMS&VERSION=1.3.0&REQUEST=GetMap&BBOX=26.7%2C88.7%2C28.2%2C92.1&CRS=EPSG%3A4326&WIDTH=1503&HEIGHT=690&LAYERS=BT-GSNM-SILT-2024-0-30-MEAN&STYLES=&FORMAT=image%2Fpng&DPI=96&MAP_RESOLUTION=96&FORMAT_OPTIONS=dpi%3A96&TRANSPARENT=TRUE,http://localhost:8082/?map=/etc/mapserver/BT-GSNM-SILT-2024-0-30-MEAN.map&SERVICE=WMS&VERSION=1.1.1&LAYER=BT-GSNM-SILT-2024-0-30-MEAN&REQUEST=getlegendgraphic&FORMAT=image/png,http://localhost:8082/?map=/etc/mapserver/BT-GSNM-SILT-2024-0-30-MEAN.map&SERVICE=WMS&VERSION=1.3.0&REQUEST=GetFeatureInfo&LAYERS=BT-GSNM-SILT-2024-0-30-MEAN&STYLES=&FORMAT=image%2Fpng&QUERY_LAYERS=BT-GSNM-SILT-2024-0-30-MEAN&INFO_FORMAT=text%2Fhtml&I=282&J=429
Global Soil Nutrients Map,BT-GSNM-SILT-2024-0-30-SDEV,SILT,Silt texture fraction,%,0-30 SDEV,http://localhost:8001/collections/metadata:main/items/e2c4c99b-9317-11f0-99a6-17ebe5406545,https://storage.googleapis.com/fao-gismgr-glosis-data/DATA/GLOSIS/MAPSET/BT-GSNM-SILT-2024/GLOSIS.BT-GSNM-SILT-2024.D-0-30.D-SDEV.tif,http://localhost:8082/?map=/etc/mapserver/BT-GSNM-SILT-2024-0-30-SDEV.map&SERVICE=WMS&VERSION=1.3.0&REQUEST=GetMap&BBOX=26.7%2C88.7%2C28.2%2C92.1&CRS=EPSG%3A4326&WIDTH=1503&HEIGHT=690&LAYERS=BT-GSNM-SILT-2024-0-30-SDEV&STYLES=&FORMAT=image%2Fpng&DPI=96&MAP_RESOLUTION=96&FORMAT_OPTIONS=dpi%3A96&TRANSPARENT=TRUE,http://localhost:8082/?map=/etc/mapserver/BT-GSNM-SILT-2024-0-30-SDEV.map&SERVICE=WMS&VERSION=1.1.1&LAYER=BT-GSNM-SILT-2024-0-30-SDEV&REQUEST=getlegendgraphic&FORMAT=image/png,http://localhost:8082/?map=/etc/mapserver/BT-GSNM-SILT-2024-0-30-SDEV.map&SERVICE=WMS&VERSION=1.3.0&REQUEST=GetFeatureInfo&LAYERS=BT-GSNM-SILT-2024-0-30-SDEV&STYLES=&FORMAT=image%2Fpng&QUERY_LAYERS=BT-GSNM-SILT-2024-0-30-SDEV&INFO_FORMAT=text%2Fhtml&I=282&J=429
Global Soil Organic Carbon Sequestration potential map,BT-GSOCSEQ-CORGADBAU-2022-0-30-MEAN,CORGADBAU,GSOCseq - absolute difference business-as-usual,t/(ha·a),0-30 MEAN,http://localhost:8001/collections/metadata:main/items/e2c4c99d-9317-11f0-99a6-17ebe5406545,https://storage.googleapis.com/fao-gismgr-glosis-data/DATA/GLOSIS/MAPSET/BT-GSOCSEQ-CORGADBAU-2022/GLOSIS.BT-GSOCSEQ-CORGADBAU-2022.D-0-30.D-MEAN.tif,http://localhost:8082/?map=/etc/mapserver/BT-GSOCSEQ-CORGADBAU-2022-0-30-MEAN.map&SERVICE=WMS&VERSION=1.3.0&REQUEST=GetMap&BBOX=26.7%2C88.7%2C28.2%2C92.1&CRS=EPSG%3A4326&WIDTH=405&HEIGHT=186&LAYERS=BT-GSOCSEQ-CORGADBAU-2022-0-30-MEAN&STYLES=&FORMAT=image%2Fpng&DPI=96&MAP_RESOLUTION=96&FORMAT_OPTIONS=dpi%3A96&TRANSPARENT=TRUE,http://localhost:8082/?map=/etc/mapserver/BT-GSOCSEQ-CORGADBAU-2022-0-30-MEAN.map&SERVICE=WMS&VERSION=1.1.1&LAYER=BT-GSOCSEQ-CORGADBAU-2022-0-30-MEAN&REQUEST=getlegendgraphic&FORMAT=image/png,http://localhost:8082/?map=/etc/mapserver/BT-GSOCSEQ-CORGADBAU-2022-0-30-MEAN.map&SERVICE=WMS&VERSION=1.3.0&REQUEST=GetFeatureInfo&LAYERS=BT-GSOCSEQ-CORGADBAU-2022-0-30-MEAN&STYLES=&FORMAT=image%2Fpng&QUERY_LAYERS=BT-GSOCSEQ-CORGADBAU-2022-0-30-MEAN&INFO_FORMAT=text%2Fhtml&I=282&J=429
Global Soil Organic Carbon Sequestration potential map,BT-GSOCSEQ-CORGADSSM1-2022-0-30-MEAN,CORGADSSM1,GSOCseq - absolute difference sustainable soil managemen 1,t/(ha·a),0-30 MEAN,http://localhost:8001/collections/metadata:main/items/e3945043-9317-11f0-99a6-17ebe5406545,https://storage.googleapis.com/fao-gismgr-glosis-data/DATA/GLOSIS/MAPSET/BT-GSOCSEQ-CORGADSSM1-2022/GLOSIS.BT-GSOCSEQ-CORGADSSM1-2022.D-0-30.D-MEAN.tif,http://localhost:8082/?map=/etc/mapserver/BT-GSOCSEQ-CORGADSSM1-2022-0-30-MEAN.map&SERVICE=WMS&VERSION=1.3.0&REQUEST=GetMap&BBOX=26.7%2C88.7%2C28.2%2C92.1&CRS=EPSG%3A4326&WIDTH=405&HEIGHT=186&LAYERS=BT-GSOCSEQ-CORGADSSM1-2022-0-30-MEAN&STYLES=&FORMAT=image%2Fpng&DPI=96&MAP_RESOLUTION=96&FORMAT_OPTIONS=dpi%3A96&TRANSPARENT=TRUE,http://localhost:8082/?map=/etc/mapserver/BT-GSOCSEQ-CORGADSSM1-2022-0-30-MEAN.map&SERVICE=WMS&VERSION=1.1.1&LAYER=BT-GSOCSEQ-CORGADSSM1-2022-0-30-MEAN&REQUEST=getlegendgraphic&FORMAT=image/png,http://localhost:8082/?map=/etc/mapserver/BT-GSOCSEQ-CORGADSSM1-2022-0-30-MEAN.map&SERVICE=WMS&VERSION=1.3.0&REQUEST=GetFeatureInfo&LAYERS=BT-GSOCSEQ-CORGADSSM1-2022-0-30-MEAN&STYLES=&FORMAT=image%2Fpng&QUERY_LAYERS=BT-GSOCSEQ-CORGADSSM1-2022-0-30-MEAN&INFO_FORMAT=text%2Fhtml&I=282&J=429
Global Soil Organic Carbon Sequestration potential map,BT-GSOCSEQ-CORGADSSM2-2022-0-30-MEAN,CORGADSSM2,GSOCseq - absolute difference sustainable soil managemen 2,t/(ha·a),0-30 MEAN,http://localhost:8001/collections/metadata:main/items/e2c4c993-9317-11f0-99a6-17ebe5406545,https://storage.googleapis.com/fao-gismgr-glosis-data/DATA/GLOSIS/MAPSET/BT-GSOCSEQ-CORGADSSM2-2022/GLOSIS.BT-GSOCSEQ-CORGADSSM2-2022.D-0-30.D-MEAN.tif,http://localhost:8082/?map=/etc/mapserver/BT-GSOCSEQ-CORGADSSM2-2022-0-30-MEAN.map&SERVICE=WMS&VERSION=1.3.0&REQUEST=GetMap&BBOX=26.7%2C88.7%2C28.2%2C92.1&CRS=EPSG%3A4326&WIDTH=405&HEIGHT=186&LAYERS=BT-GSOCSEQ-CORGADSSM2-2022-0-30-MEAN&STYLES=&FORMAT=image%2Fpng&DPI=96&MAP_RESOLUTION=96&FORMAT_OPTIONS=dpi%3A96&TRANSPARENT=TRUE,http://localhost:8082/?map=/etc/mapserver/BT-GSOCSEQ-CORGADSSM2-2022-0-30-MEAN.map&SERVICE=WMS&VERSION=1.1.1&LAYER=BT-GSOCSEQ-CORGADSSM2-2022-0-30-MEAN&REQUEST=getlegendgraphic&FORMAT=image/png,http://localhost:8082/?map=/etc/mapserver/BT-GSOCSEQ-CORGADSSM2-2022-0-30-MEAN.map&SERVICE=WMS&VERSION=1.3.0&REQUEST=GetFeatureInfo&LAYERS=BT-GSOCSEQ-CORGADSSM2-2022-0-30-MEAN&STYLES=&FORMAT=image%2Fpng&QUERY_LAYERS=BT-GSOCSEQ-CORGADSSM2-2022-0-30-MEAN&INFO_FORMAT=text%2Fhtml&I=282&J=429
Global Soil Organic Carbon Sequestration potential map,BT-GSOCSEQ-CORGADSSM3-2022-0-30-MEAN,CORGADSSM3,GSOCseq - absolute difference sustainable soil managemen 3,t/(ha·a),0-30 MEAN,http://localhost:8001/collections/metadata:main/items/e3945047-9317-11f0-99a6-17ebe5406545,https://storage.googleapis.com/fao-gismgr-glosis-data/DATA/GLOSIS/MAPSET/BT-GSOCSEQ-CORGADSSM3-2022/GLOSIS.BT-GSOCSEQ-CORGADSSM3-2022.D-0-30.D-MEAN.tif,http://localhost:8082/?map=/etc/mapserver/BT-GSOCSEQ-CORGADSSM3-2022-0-30-MEAN.map&SERVICE=WMS&VERSION=1.3.0&REQUEST=GetMap&BBOX=26.7%2C88.7%2C28.2%2C92.1&CRS=EPSG%3A4326&WIDTH=405&HEIGHT=186&LAYERS=BT-GSOCSEQ-CORGADSSM3-2022-0-30-MEAN&STYLES=&FORMAT=image%2Fpng&DPI=96&MAP_RESOLUTION=96&FORMAT_OPTIONS=dpi%3A96&TRANSPARENT=TRUE,http://localhost:8082/?map=/etc/mapserver/BT-GSOCSEQ-CORGADSSM3-2022-0-30-MEAN.map&SERVICE=WMS&VERSION=1.1.1&LAYER=BT-GSOCSEQ-CORGADSSM3-2022-0-30-MEAN&REQUEST=getlegendgraphic&FORMAT=image/png,http://localhost:8082/?map=/etc/mapserver/BT-GSOCSEQ-CORGADSSM3-2022-0-30-MEAN.map&SERVICE=WMS&VERSION=1.3.0&REQUEST=GetFeatureInfo&LAYERS=BT-GSOCSEQ-CORGADSSM3-2022-0-30-MEAN&STYLES=&FORMAT=image%2Fpng&QUERY_LAYERS=BT-GSOCSEQ-CORGADSSM3-2022-0-30-MEAN&INFO_FORMAT=text%2Fhtml&I=282&J=429
Global Soil Organic Carbon Sequestration potential map,BT-GSOCSEQ-CORGASRBAU-2022-0-30-MEAN,CORGASRBAU,GSOCseq - absolute sequestration rate business-as-usual,t/(ha·a),0-30 MEAN,http://localhost:8001/collections/metadata:main/items/e2c4c9b0-9317-11f0-99a6-17ebe5406545,https://storage.googleapis.com/fao-gismgr-glosis-data/DATA/GLOSIS/MAPSET/BT-GSOCSEQ-CORGASRBAU-2022/GLOSIS.BT-GSOCSEQ-CORGASRBAU-2022.D-0-30.D-MEAN.tif,http://localhost:8082/?map=/etc/mapserver/BT-GSOCSEQ-CORGASRBAU-2022-0-30-MEAN.map&SERVICE=WMS&VERSION=1.3.0&REQUEST=GetMap&BBOX=26.7%2C88.7%2C28.2%2C92.1&CRS=EPSG%3A4326&WIDTH=405&HEIGHT=186&LAYERS=BT-GSOCSEQ-CORGASRBAU-2022-0-30-MEAN&STYLES=&FORMAT=image%2Fpng&DPI=96&MAP_RESOLUTION=96&FORMAT_OPTIONS=dpi%3A96&TRANSPARENT=TRUE,http://localhost:8082/?map=/etc/mapserver/BT-GSOCSEQ-CORGASRBAU-2022-0-30-MEAN.map&SERVICE=WMS&VERSION=1.1.1&LAYER=BT-GSOCSEQ-CORGASRBAU-2022-0-30-MEAN&REQUEST=getlegendgraphic&FORMAT=image/png,http://localhost:8082/?map=/etc/mapserver/BT-GSOCSEQ-CORGASRBAU-2022-0-30-MEAN.map&SERVICE=WMS&VERSION=1.3.0&REQUEST=GetFeatureInfo&LAYERS=BT-GSOCSEQ-CORGASRBAU-2022-0-30-MEAN&STYLES=&FORMAT=image%2Fpng&QUERY_LAYERS=BT-GSOCSEQ-CORGASRBAU-2022-0-30-MEAN&INFO_FORMAT=text%2Fhtml&I=282&J=429
Global Soil Organic Carbon Sequestration potential map,BT-GSOCSEQ-CORGASRBAU-2022-0-30-UNCT,CORGASRBAU,GSOCseq - absolute sequestration rate business-as-usual,t/(ha·a),0-30 UNCT,http://localhost:8001/collections/metadata:main/items/e2c4c9b0-9317-11f0-99a6-17ebe5406545,https://storage.googleapis.com/fao-gismgr-glosis-data/DATA/GLOSIS/MAPSET/BT-GSOCSEQ-CORGASRBAU-2022/GLOSIS.BT-GSOCSEQ-CORGASRBAU-2022.D-0-30.D-UNCT.tif,http://localhost:8082/?map=/etc/mapserver/BT-GSOCSEQ-CORGASRBAU-2022-0-30-UNCT.map&SERVICE=WMS&VERSION=1.3.0&REQUEST=GetMap&BBOX=26.7%2C88.7%2C28.2%2C92.1&CRS=EPSG%3A4326&WIDTH=405&HEIGHT=186&LAYERS=BT-GSOCSEQ-CORGASRBAU-2022-0-30-UNCT&STYLES=&FORMAT=image%2Fpng&DPI=96&MAP_RESOLUTION=96&FORMAT_OPTIONS=dpi%3A96&TRANSPARENT=TRUE,http://localhost:8082/?map=/etc/mapserver/BT-GSOCSEQ-CORGASRBAU-2022-0-30-UNCT.map&SERVICE=WMS&VERSION=1.1.1&LAYER=BT-GSOCSEQ-CORGASRBAU-2022-0-30-UNCT&REQUEST=getlegendgraphic&FORMAT=image/png,http://localhost:8082/?map=/etc/mapserver/BT-GSOCSEQ-CORGASRBAU-2022-0-30-UNCT.map&SERVICE=WMS&VERSION=1.3.0&REQUEST=GetFeatureInfo&LAYERS=BT-GSOCSEQ-CORGASRBAU-2022-0-30-UNCT&STYLES=&FORMAT=image%2Fpng&QUERY_LAYERS=BT-GSOCSEQ-CORGASRBAU-2022-0-30-UNCT&INFO_FORMAT=text%2Fhtml&I=282&J=429
Global Soil Organic Carbon Sequestration potential map,BT-GSOCSEQ-CORGASRSSM1-2022-0-30-MEAN,CORGASRSSM1,GSOCseq - absolute sequestration rate sustainable soil managemen 1,t/(ha·a),0-30 MEAN,http://localhost:8001/collections/metadata:main/items/e2c4c9ad-9317-11f0-99a6-17ebe5406545,https://storage.googleapis.com/fao-gismgr-glosis-data/DATA/GLOSIS/MAPSET/BT-GSOCSEQ-CORGASRSSM1-2022/GLOSIS.BT-GSOCSEQ-CORGASRSSM1-2022.D-0-30.D-MEAN.tif,http://localhost:8082/?map=/etc/mapserver/BT-GSOCSEQ-CORGASRSSM1-2022-0-30-MEAN.map&SERVICE=WMS&VERSION=1.3.0&REQUEST=GetMap&BBOX=26.7%2C88.7%2C28.2%2C92.1&CRS=EPSG%3A4326&WIDTH=405&HEIGHT=186&LAYERS=BT-GSOCSEQ-CORGASRSSM1-2022-0-30-MEAN&STYLES=&FORMAT=image%2Fpng&DPI=96&MAP_RESOLUTION=96&FORMAT_OPTIONS=dpi%3A96&TRANSPARENT=TRUE,http://localhost:8082/?map=/etc/mapserver/BT-GSOCSEQ-CORGASRSSM1-2022-0-30-MEAN.map&SERVICE=WMS&VERSION=1.1.1&LAYER=BT-GSOCSEQ-CORGASRSSM1-2022-0-30-MEAN&REQUEST=getlegendgraphic&FORMAT=image/png,http://localhost:8082/?map=/etc/mapserver/BT-GSOCSEQ-CORGASRSSM1-2022-0-30-MEAN.map&SERVICE=WMS&VERSION=1.3.0&REQUEST=GetFeatureInfo&LAYERS=BT-GSOCSEQ-CORGASRSSM1-2022-0-30-MEAN&STYLES=&FORMAT=image%2Fpng&QUERY_LAYERS=BT-GSOCSEQ-CORGASRSSM1-2022-0-30-MEAN&INFO_FORMAT=text%2Fhtml&I=282&J=429
Global Soil Organic Carbon Sequestration potential map,BT-GSOCSEQ-CORGASRSSM1-2022-0-30-UNCT,CORGASRSSM1,GSOCseq - absolute sequestration rate sustainable soil managemen 1,t/(ha·a),0-30 UNCT,http://localhost:8001/collections/metadata:main/items/e2c4c9ad-9317-11f0-99a6-17ebe5406545,https://storage.googleapis.com/fao-gismgr-glosis-data/DATA/GLOSIS/MAPSET/BT-GSOCSEQ-CORGASRSSM1-2022/GLOSIS.BT-GSOCSEQ-CORGASRSSM1-2022.D-0-30.D-UNCT.tif,http://localhost:8082/?map=/etc/mapserver/BT-GSOCSEQ-CORGASRSSM1-2022-0-30-UNCT.map&SERVICE=WMS&VERSION=1.3.0&REQUEST=GetMap&BBOX=26.7%2C88.7%2C28.2%2C92.1&CRS=EPSG%3A4326&WIDTH=405&HEIGHT=186&LAYERS=BT-GSOCSEQ-CORGASRSSM1-2022-0-30-UNCT&STYLES=&FORMAT=image%2Fpng&DPI=96&MAP_RESOLUTION=96&FORMAT_OPTIONS=dpi%3A96&TRANSPARENT=TRUE,http://localhost:8082/?map=/etc/mapserver/BT-GSOCSEQ-CORGASRSSM1-2022-0-30-UNCT.map&SERVICE=WMS&VERSION=1.1.1&LAYER=BT-GSOCSEQ-CORGASRSSM1-2022-0-30-UNCT&REQUEST=getlegendgraphic&FORMAT=image/png,http://localhost:8082/?map=/etc/mapserver/BT-GSOCSEQ-CORGASRSSM1-2022-0-30-UNCT.map&SERVICE=WMS&VERSION=1.3.0&REQUEST=GetFeatureInfo&LAYERS=BT-GSOCSEQ-CORGASRSSM1-2022-0-30-UNCT&STYLES=&FORMAT=image%2Fpng&QUERY_LAYERS=BT-GSOCSEQ-CORGASRSSM1-2022-0-30-UNCT&INFO_FORMAT=text%2Fhtml&I=282&J=429
Global Soil Organic Carbon Sequestration potential map,BT-GSOCSEQ-CORGASRSSM2-2022-0-30-MEAN,CORGASRSSM2,GSOCseq - absolute sequestration rate sustainable soil managemen 2,t/(ha·a),0-30 MEAN,http://localhost:8001/collections/metadata:main/items/e3945053-9317-11f0-99a6-17ebe5406545,https://storage.googleapis.com/fao-gismgr-glosis-data/DATA/GLOSIS/MAPSET/BT-GSOCSEQ-CORGASRSSM2-2022/GLOSIS.BT-GSOCSEQ-CORGASRSSM2-2022.D-0-30.D-MEAN.tif,http://localhost:8082/?map=/etc/mapserver/BT-GSOCSEQ-CORGASRSSM2-2022-0-30-MEAN.map&SERVICE=WMS&VERSION=1.3.0&REQUEST=GetMap&BBOX=26.7%2C88.7%2C28.2%2C92.1&CRS=EPSG%3A4326&WIDTH=405&HEIGHT=186&LAYERS=BT-GSOCSEQ-CORGASRSSM2-2022-0-30-MEAN&STYLES=&FORMAT=image%2Fpng&DPI=96&MAP_RESOLUTION=96&FORMAT_OPTIONS=dpi%3A96&TRANSPARENT=TRUE,http://localhost:8082/?map=/etc/mapserver/BT-GSOCSEQ-CORGASRSSM2-2022-0-30-MEAN.map&SERVICE=WMS&VERSION=1.1.1&LAYER=BT-GSOCSEQ-CORGASRSSM2-2022-0-30-MEAN&REQUEST=getlegendgraphic&FORMAT=image/png,http://localhost:8082/?map=/etc/mapserver/BT-GSOCSEQ-CORGASRSSM2-2022-0-30-MEAN.map&SERVICE=WMS&VERSION=1.3.0&REQUEST=GetFeatureInfo&LAYERS=BT-GSOCSEQ-CORGASRSSM2-2022-0-30-MEAN&STYLES=&FORMAT=image%2Fpng&QUERY_LAYERS=BT-GSOCSEQ-CORGASRSSM2-2022-0-30-MEAN&INFO_FORMAT=text%2Fhtml&I=282&J=429
Global Soil Organic Carbon Sequestration potential map,BT-GSOCSEQ-CORGASRSSM2-2022-0-30-UNCT,CORGASRSSM2,GSOCseq - absolute sequestration rate sustainable soil managemen 2,t/(ha·a),0-30 UNCT,http://localhost:8001/collections/metadata:main/items/e3945053-9317-11f0-99a6-17ebe5406545,https://storage.googleapis.com/fao-gismgr-glosis-data/DATA/GLOSIS/MAPSET/BT-GSOCSEQ-CORGASRSSM2-2022/GLOSIS.BT-GSOCSEQ-CORGASRSSM2-2022.D-0-30.D-UNCT.tif,http://localhost:8082/?map=/etc/mapserver/BT-GSOCSEQ-CORGASRSSM2-2022-0-30-UNCT.map&SERVICE=WMS&VERSION=1.3.0&REQUEST=GetMap&BBOX=26.7%2C88.7%2C28.2%2C92.1&CRS=EPSG%3A4326&WIDTH=405&HEIGHT=186&LAYERS=BT-GSOCSEQ-CORGASRSSM2-2022-0-30-UNCT&STYLES=&FORMAT=image%2Fpng&DPI=96&MAP_RESOLUTION=96&FORMAT_OPTIONS=dpi%3A96&TRANSPARENT=TRUE,http://localhost:8082/?map=/etc/mapserver/BT-GSOCSEQ-CORGASRSSM2-2022-0-30-UNCT.map&SERVICE=WMS&VERSION=1.1.1&LAYER=BT-GSOCSEQ-CORGASRSSM2-2022-0-30-UNCT&REQUEST=getlegendgraphic&FORMAT=image/png,http://localhost:8082/?map=/etc/mapserver/BT-GSOCSEQ-CORGASRSSM2-2022-0-30-UNCT.map&SERVICE=WMS&VERSION=1.3.0&REQUEST=GetFeatureInfo&LAYERS=BT-GSOCSEQ-CORGASRSSM2-2022-0-30-UNCT&STYLES=&FORMAT=image%2Fpng&QUERY_LAYERS=BT-GSOCSEQ-CORGASRSSM2-2022-0-30-UNCT&INFO_FORMAT=text%2Fhtml&I=282&J=429
Global Soil Organic Carbon Sequestration potential map,BT-GSOCSEQ-CORGASRSSM3-2022-0-30-MEAN,CORGASRSSM3,GSOCseq - absolute sequestration rate sustainable soil managemen 3,t/(ha·a),0-30 MEAN,http://localhost:8001/collections/metadata:main/items/e2c4c9ae-9317-11f0-99a6-17ebe5406545,https://storage.googleapis.com/fao-gismgr-glosis-data/DATA/GLOSIS/MAPSET/BT-GSOCSEQ-CORGASRSSM3-2022/GLOSIS.BT-GSOCSEQ-CORGASRSSM3-2022.D-0-30.D-MEAN.tif,http://localhost:8082/?map=/etc/mapserver/BT-GSOCSEQ-CORGASRSSM3-2022-0-30-MEAN.map&SERVICE=WMS&VERSION=1.3.0&REQUEST=GetMap&BBOX=26.7%2C88.7%2C28.2%2C92.1&CRS=EPSG%3A4326&WIDTH=405&HEIGHT=186&LAYERS=BT-GSOCSEQ-CORGASRSSM3-2022-0-30-MEAN&STYLES=&FORMAT=image%2Fpng&DPI=96&MAP_RESOLUTION=96&FORMAT_OPTIONS=dpi%3A96&TRANSPARENT=TRUE,http://localhost:8082/?map=/etc/mapserver/BT-GSOCSEQ-CORGASRSSM3-2022-0-30-MEAN.map&SERVICE=WMS&VERSION=1.1.1&LAYER=BT-GSOCSEQ-CORGASRSSM3-2022-0-30-MEAN&REQUEST=getlegendgraphic&FORMAT=image/png,http://localhost:8082/?map=/etc/mapserver/BT-GSOCSEQ-CORGASRSSM3-2022-0-30-MEAN.map&SERVICE=WMS&VERSION=1.3.0&REQUEST=GetFeatureInfo&LAYERS=BT-GSOCSEQ-CORGASRSSM3-2022-0-30-MEAN&STYLES=&FORMAT=image%2Fpng&QUERY_LAYERS=BT-GSOCSEQ-CORGASRSSM3-2022-0-30-MEAN&INFO_FORMAT=text%2Fhtml&I=282&J=429
Global Soil Organic Carbon Sequestration potential map,BT-GSOCSEQ-CORGASRSSM3-2022-0-30-UNCT,CORGASRSSM3,GSOCseq - absolute sequestration rate sustainable soil managemen 3,t/(ha·a),0-30 UNCT,http://localhost:8001/collections/metadata:main/items/e2c4c9ae-9317-11f0-99a6-17ebe5406545,https://storage.googleapis.com/fao-gismgr-glosis-data/DATA/GLOSIS/MAPSET/BT-GSOCSEQ-CORGASRSSM3-2022/GLOSIS.BT-GSOCSEQ-CORGASRSSM3-2022.D-0-30.D-UNCT.tif,http://localhost:8082/?map=/etc/mapserver/BT-GSOCSEQ-CORGASRSSM3-2022-0-30-UNCT.map&SERVICE=WMS&VERSION=1.3.0&REQUEST=GetMap&BBOX=26.7%2C88.7%2C28.2%2C92.1&CRS=EPSG%3A4326&WIDTH=405&HEIGHT=186&LAYERS=BT-GSOCSEQ-CORGASRSSM3-2022-0-30-UNCT&STYLES=&FORMAT=image%2Fpng&DPI=96&MAP_RESOLUTION=96&FORMAT_OPTIONS=dpi%3A96&TRANSPARENT=TRUE,http://localhost:8082/?map=/etc/mapserver/BT-GSOCSEQ-CORGASRSSM3-2022-0-30-UNCT.map&SERVICE=WMS&VERSION=1.1.1&LAYER=BT-GSOCSEQ-CORGASRSSM3-2022-0-30-UNCT&REQUEST=getlegendgraphic&FORMAT=image/png,http://localhost:8082/?map=/etc/mapserver/BT-GSOCSEQ-CORGASRSSM3-2022-0-30-UNCT.map&SERVICE=WMS&VERSION=1.3.0&REQUEST=GetFeatureInfo&LAYERS=BT-GSOCSEQ-CORGASRSSM3-2022-0-30-UNCT&STYLES=&FORMAT=image%2Fpng&QUERY_LAYERS=BT-GSOCSEQ-CORGASRSSM3-2022-0-30-UNCT&INFO_FORMAT=text%2Fhtml&I=282&J=429
Global Soil Organic Carbon Sequestration potential map,BT-GSOCSEQ-CORGRDSSM1-2022-0-30-MEAN,CORGRDSSM1,GSOCseq - relative difference sustainable soil managemen 1,t/(ha·a),0-30 MEAN,http://localhost:8001/collections/metadata:main/items/e3945048-9317-11f0-99a6-17ebe5406545,https://storage.googleapis.com/fao-gismgr-glosis-data/DATA/GLOSIS/MAPSET/BT-GSOCSEQ-CORGRDSSM1-2022/GLOSIS.BT-GSOCSEQ-CORGRDSSM1-2022.D-0-30.D-MEAN.tif,http://localhost:8082/?map=/etc/mapserver/BT-GSOCSEQ-CORGRDSSM1-2022-0-30-MEAN.map&SERVICE=WMS&VERSION=1.3.0&REQUEST=GetMap&BBOX=26.7%2C88.7%2C28.2%2C92.1&CRS=EPSG%3A4326&WIDTH=405&HEIGHT=186&LAYERS=BT-GSOCSEQ-CORGRDSSM1-2022-0-30-MEAN&STYLES=&FORMAT=image%2Fpng&DPI=96&MAP_RESOLUTION=96&FORMAT_OPTIONS=dpi%3A96&TRANSPARENT=TRUE,http://localhost:8082/?map=/etc/mapserver/BT-GSOCSEQ-CORGRDSSM1-2022-0-30-MEAN.map&SERVICE=WMS&VERSION=1.1.1&LAYER=BT-GSOCSEQ-CORGRDSSM1-2022-0-30-MEAN&REQUEST=getlegendgraphic&FORMAT=image/png,http://localhost:8082/?map=/etc/mapserver/BT-GSOCSEQ-CORGRDSSM1-2022-0-30-MEAN.map&SERVICE=WMS&VERSION=1.3.0&REQUEST=GetFeatureInfo&LAYERS=BT-GSOCSEQ-CORGRDSSM1-2022-0-30-MEAN&STYLES=&FORMAT=image%2Fpng&QUERY_LAYERS=BT-GSOCSEQ-CORGRDSSM1-2022-0-30-MEAN&INFO_FORMAT=text%2Fhtml&I=282&J=429
Global Soil Organic Carbon Sequestration potential map,BT-GSOCSEQ-CORGRDSSM2-2022-0-30-MEAN,CORGRDSSM2,GSOCseq - relative difference sustainable soil managemen 2,t/(ha·a),0-30 MEAN,http://localhost:8001/collections/metadata:main/items/e2c4c9a9-9317-11f0-99a6-17ebe5406545,https://storage.googleapis.com/fao-gismgr-glosis-data/DATA/GLOSIS/MAPSET/BT-GSOCSEQ-CORGRDSSM2-2022/GLOSIS.BT-GSOCSEQ-CORGRDSSM2-2022.D-0-30.D-MEAN.tif,http://localhost:8082/?map=/etc/mapserver/BT-GSOCSEQ-CORGRDSSM2-2022-0-30-MEAN.map&SERVICE=WMS&VERSION=1.3.0&REQUEST=GetMap&BBOX=26.7%2C88.7%2C28.2%2C92.1&CRS=EPSG%3A4326&WIDTH=405&HEIGHT=186&LAYERS=BT-GSOCSEQ-CORGRDSSM2-2022-0-30-MEAN&STYLES=&FORMAT=image%2Fpng&DPI=96&MAP_RESOLUTION=96&FORMAT_OPTIONS=dpi%3A96&TRANSPARENT=TRUE,http://localhost:8082/?map=/etc/mapserver/BT-GSOCSEQ-CORGRDSSM2-2022-0-30-MEAN.map&SERVICE=WMS&VERSION=1.1.1&LAYER=BT-GSOCSEQ-CORGRDSSM2-2022-0-30-MEAN&REQUEST=getlegendgraphic&FORMAT=image/png,http://localhost:8082/?map=/etc/mapserver/BT-GSOCSEQ-CORGRDSSM2-2022-0-30-MEAN.map&SERVICE=WMS&VERSION=1.3.0&REQUEST=GetFeatureInfo&LAYERS=BT-GSOCSEQ-CORGRDSSM2-2022-0-30-MEAN&STYLES=&FORMAT=image%2Fpng&QUERY_LAYERS=BT-GSOCSEQ-CORGRDSSM2-2022-0-30-MEAN&INFO_FORMAT=text%2Fhtml&I=282&J=429
Global Soil Organic Carbon Sequestration potential map,BT-GSOCSEQ-CORGRDSSM3-2022-0-30-MEAN,CORGRDSSM3,GSOCseq - relative difference sustainable soil managemen 3,t/(ha·a),0-30 MEAN,http://localhost:8001/collections/metadata:main/items/e2c4c9aa-9317-11f0-99a6-17ebe5406545,https://storage.googleapis.com/fao-gismgr-glosis-data/DATA/GLOSIS/MAPSET/BT-GSOCSEQ-CORGRDSSM3-2022/GLOSIS.BT-GSOCSEQ-CORGRDSSM3-2022.D-0-30.D-MEAN.tif,http://localhost:8082/?map=/etc/mapserver/BT-GSOCSEQ-CORGRDSSM3-2022-0-30-MEAN.map&SERVICE=WMS&VERSION=1.3.0&REQUEST=GetMap&BBOX=26.7%2C88.7%2C28.2%2C92.1&CRS=EPSG%3A4326&WIDTH=405&HEIGHT=186&LAYERS=BT-GSOCSEQ-CORGRDSSM3-2022-0-30-MEAN&STYLES=&FORMAT=image%2Fpng&DPI=96&MAP_RESOLUTION=96&FORMAT_OPTIONS=dpi%3A96&TRANSPARENT=TRUE,http://localhost:8082/?map=/etc/mapserver/BT-GSOCSEQ-CORGRDSSM3-2022-0-30-MEAN.map&SERVICE=WMS&VERSION=1.1.1&LAYER=BT-GSOCSEQ-CORGRDSSM3-2022-0-30-MEAN&REQUEST=getlegendgraphic&FORMAT=image/png,http://localhost:8082/?map=/etc/mapserver/BT-GSOCSEQ-CORGRDSSM3-2022-0-30-MEAN.map&SERVICE=WMS&VERSION=1.3.0&REQUEST=GetFeatureInfo&LAYERS=BT-GSOCSEQ-CORGRDSSM3-2022-0-30-MEAN&STYLES=&FORMAT=image%2Fpng&QUERY_LAYERS=BT-GSOCSEQ-CORGRDSSM3-2022-0-30-MEAN&INFO_FORMAT=text%2Fhtml&I=282&J=429
Global Soil Organic Carbon Sequestration potential map,BT-GSOCSEQ-CORGRSRSSM1-2022-0-30-MEAN,CORGRSRSSM1,GSOCseq - relative sequestration rate sustainable soil managemen 1,t/(ha·a),0-30 MEAN,http://localhost:8001/collections/metadata:main/items/e2c4c9ab-9317-11f0-99a6-17ebe5406545,https://storage.googleapis.com/fao-gismgr-glosis-data/DATA/GLOSIS/MAPSET/BT-GSOCSEQ-CORGRSRSSM1-2022/GLOSIS.BT-GSOCSEQ-CORGRSRSSM1-2022.D-0-30.D-MEAN.tif,http://localhost:8082/?map=/etc/mapserver/BT-GSOCSEQ-CORGRSRSSM1-2022-0-30-MEAN.map&SERVICE=WMS&VERSION=1.3.0&REQUEST=GetMap&BBOX=26.7%2C88.7%2C28.2%2C92.1&CRS=EPSG%3A4326&WIDTH=405&HEIGHT=186&LAYERS=BT-GSOCSEQ-CORGRSRSSM1-2022-0-30-MEAN&STYLES=&FORMAT=image%2Fpng&DPI=96&MAP_RESOLUTION=96&FORMAT_OPTIONS=dpi%3A96&TRANSPARENT=TRUE,http://localhost:8082/?map=/etc/mapserver/BT-GSOCSEQ-CORGRSRSSM1-2022-0-30-MEAN.map&SERVICE=WMS&VERSION=1.1.1&LAYER=BT-GSOCSEQ-CORGRSRSSM1-2022-0-30-MEAN&REQUEST=getlegendgraphic&FORMAT=image/png,http://localhost:8082/?map=/etc/mapserver/BT-GSOCSEQ-CORGRSRSSM1-2022-0-30-MEAN.map&SERVICE=WMS&VERSION=1.3.0&REQUEST=GetFeatureInfo&LAYERS=BT-GSOCSEQ-CORGRSRSSM1-2022-0-30-MEAN&STYLES=&FORMAT=image%2Fpng&QUERY_LAYERS=BT-GSOCSEQ-CORGRSRSSM1-2022-0-30-MEAN&INFO_FORMAT=text%2Fhtml&I=282&J=429
Global Soil Organic Carbon Sequestration potential map,BT-GSOCSEQ-CORGRSRSSM1-2022-0-30-UNCT,CORGRSRSSM1,GSOCseq - relative sequestration rate sustainable soil managemen 1,t/(ha·a),0-30 UNCT,http://localhost:8001/collections/metadata:main/items/e2c4c9ab-9317-11f0-99a6-17ebe5406545,https://storage.googleapis.com/fao-gismgr-glosis-data/DATA/GLOSIS/MAPSET/BT-GSOCSEQ-CORGRSRSSM1-2022/GLOSIS.BT-GSOCSEQ-CORGRSRSSM1-2022.D-0-30.D-UNCT.tif,http://localhost:8082/?map=/etc/mapserver/BT-GSOCSEQ-CORGRSRSSM1-2022-0-30-UNCT.map&SERVICE=WMS&VERSION=1.3.0&REQUEST=GetMap&BBOX=26.7%2C88.7%2C28.2%2C92.1&CRS=EPSG%3A4326&WIDTH=405&HEIGHT=186&LAYERS=BT-GSOCSEQ-CORGRSRSSM1-2022-0-30-UNCT&STYLES=&FORMAT=image%2Fpng&DPI=96&MAP_RESOLUTION=96&FORMAT_OPTIONS=dpi%3A96&TRANSPARENT=TRUE,http://localhost:8082/?map=/etc/mapserver/BT-GSOCSEQ-CORGRSRSSM1-2022-0-30-UNCT.map&SERVICE=WMS&VERSION=1.1.1&LAYER=BT-GSOCSEQ-CORGRSRSSM1-2022-0-30-UNCT&REQUEST=getlegendgraphic&FORMAT=image/png,http://localhost:8082/?map=/etc/mapserver/BT-GSOCSEQ-CORGRSRSSM1-2022-0-30-UNCT.map&SERVICE=WMS&VERSION=1.3.0&REQUEST=GetFeatureInfo&LAYERS=BT-GSOCSEQ-CORGRSRSSM1-2022-0-30-UNCT&STYLES=&FORMAT=image%2Fpng&QUERY_LAYERS=BT-GSOCSEQ-CORGRSRSSM1-2022-0-30-UNCT&INFO_FORMAT=text%2Fhtml&I=282&J=429
Global Soil Organic Carbon Sequestration potential map,BT-GSOCSEQ-CORGRSRSSM2-2022-0-30-MEAN,CORGRSRSSM2,GSOCseq - relative sequestration rate sustainable soil managemen 2,t/(ha·a),0-30 MEAN,http://localhost:8001/collections/metadata:main/items/e3945046-9317-11f0-99a6-17ebe5406545,https://storage.googleapis.com/fao-gismgr-glosis-data/DATA/GLOSIS/MAPSET/BT-GSOCSEQ-CORGRSRSSM2-2022/GLOSIS.BT-GSOCSEQ-CORGRSRSSM2-2022.D-0-30.D-MEAN.tif,http://localhost:8082/?map=/etc/mapserver/BT-GSOCSEQ-CORGRSRSSM2-2022-0-30-MEAN.map&SERVICE=WMS&VERSION=1.3.0&REQUEST=GetMap&BBOX=26.7%2C88.7%2C28.2%2C92.1&CRS=EPSG%3A4326&WIDTH=405&HEIGHT=186&LAYERS=BT-GSOCSEQ-CORGRSRSSM2-2022-0-30-MEAN&STYLES=&FORMAT=image%2Fpng&DPI=96&MAP_RESOLUTION=96&FORMAT_OPTIONS=dpi%3A96&TRANSPARENT=TRUE,http://localhost:8082/?map=/etc/mapserver/BT-GSOCSEQ-CORGRSRSSM2-2022-0-30-MEAN.map&SERVICE=WMS&VERSION=1.1.1&LAYER=BT-GSOCSEQ-CORGRSRSSM2-2022-0-30-MEAN&REQUEST=getlegendgraphic&FORMAT=image/png,http://localhost:8082/?map=/etc/mapserver/BT-GSOCSEQ-CORGRSRSSM2-2022-0-30-MEAN.map&SERVICE=WMS&VERSION=1.3.0&REQUEST=GetFeatureInfo&LAYERS=BT-GSOCSEQ-CORGRSRSSM2-2022-0-30-MEAN&STYLES=&FORMAT=image%2Fpng&QUERY_LAYERS=BT-GSOCSEQ-CORGRSRSSM2-2022-0-30-MEAN&INFO_FORMAT=text%2Fhtml&I=282&J=429
Global Soil Organic Carbon Sequestration potential map,BT-GSOCSEQ-CORGRSRSSM2-2022-0-30-UNCT,CORGRSRSSM2,GSOCseq - relative sequestration rate sustainable soil managemen 2,t/(ha·a),0-30 UNCT,http://localhost:8001/collections/metadata:main/items/e3945046-9317-11f0-99a6-17ebe5406545,https://storage.googleapis.com/fao-gismgr-glosis-data/DATA/GLOSIS/MAPSET/BT-GSOCSEQ-CORGRSRSSM2-2022/GLOSIS.BT-GSOCSEQ-CORGRSRSSM2-2022.D-0-30.D-UNCT.tif,http://localhost:8082/?map=/etc/mapserver/BT-GSOCSEQ-CORGRSRSSM2-2022-0-30-UNCT.map&SERVICE=WMS&VERSION=1.3.0&REQUEST=GetMap&BBOX=26.7%2C88.7%2C28.2%2C92.1&CRS=EPSG%3A4326&WIDTH=405&HEIGHT=186&LAYERS=BT-GSOCSEQ-CORGRSRSSM2-2022-0-30-UNCT&STYLES=&FORMAT=image%2Fpng&DPI=96&MAP_RESOLUTION=96&FORMAT_OPTIONS=dpi%3A96&TRANSPARENT=TRUE,http://localhost:8082/?map=/etc/mapserver/BT-GSOCSEQ-CORGRSRSSM2-2022-0-30-UNCT.map&SERVICE=WMS&VERSION=1.1.1&LAYER=BT-GSOCSEQ-CORGRSRSSM2-2022-0-30-UNCT&REQUEST=getlegendgraphic&FORMAT=image/png,http://localhost:8082/?map=/etc/mapserver/BT-GSOCSEQ-CORGRSRSSM2-2022-0-30-UNCT.map&SERVICE=WMS&VERSION=1.3.0&REQUEST=GetFeatureInfo&LAYERS=BT-GSOCSEQ-CORGRSRSSM2-2022-0-30-UNCT&STYLES=&FORMAT=image%2Fpng&QUERY_LAYERS=BT-GSOCSEQ-CORGRSRSSM2-2022-0-30-UNCT&INFO_FORMAT=text%2Fhtml&I=282&J=429
Global Soil Organic Carbon Sequestration potential map,BT-GSOCSEQ-CORGRSRSSM3-2022-0-30-MEAN,CORGRSRSSM3,GSOCseq - relative sequestration rate sustainable soil managemen 3,t/(ha·a),0-30 MEAN,http://localhost:8001/collections/metadata:main/items/e2c4c99a-9317-11f0-99a6-17ebe5406545,https://storage.googleapis.com/fao-gismgr-glosis-data/DATA/GLOSIS/MAPSET/BT-GSOCSEQ-CORGRSRSSM3-2022/GLOSIS.BT-GSOCSEQ-CORGRSRSSM3-2022.D-0-30.D-MEAN.tif,http://localhost:8082/?map=/etc/mapserver/BT-GSOCSEQ-CORGRSRSSM3-2022-0-30-MEAN.map&SERVICE=WMS&VERSION=1.3.0&REQUEST=GetMap&BBOX=26.7%2C88.7%2C28.2%2C92.1&CRS=EPSG%3A4326&WIDTH=405&HEIGHT=186&LAYERS=BT-GSOCSEQ-CORGRSRSSM3-2022-0-30-MEAN&STYLES=&FORMAT=image%2Fpng&DPI=96&MAP_RESOLUTION=96&FORMAT_OPTIONS=dpi%3A96&TRANSPARENT=TRUE,http://localhost:8082/?map=/etc/mapserver/BT-GSOCSEQ-CORGRSRSSM3-2022-0-30-MEAN.map&SERVICE=WMS&VERSION=1.1.1&LAYER=BT-GSOCSEQ-CORGRSRSSM3-2022-0-30-MEAN&REQUEST=getlegendgraphic&FORMAT=image/png,http://localhost:8082/?map=/etc/mapserver/BT-GSOCSEQ-CORGRSRSSM3-2022-0-30-MEAN.map&SERVICE=WMS&VERSION=1.3.0&REQUEST=GetFeatureInfo&LAYERS=BT-GSOCSEQ-CORGRSRSSM3-2022-0-30-MEAN&STYLES=&FORMAT=image%2Fpng&QUERY_LAYERS=BT-GSOCSEQ-CORGRSRSSM3-2022-0-30-MEAN&INFO_FORMAT=text%2Fhtml&I=282&J=429
Global Soil Organic Carbon Sequestration potential map,BT-GSOCSEQ-CORGRSRSSM3-2022-0-30-UNCT,CORGRSRSSM3,GSOCseq - relative sequestration rate sustainable soil managemen 3,t/(ha·a),0-30 UNCT,http://localhost:8001/collections/metadata:main/items/e2c4c99a-9317-11f0-99a6-17ebe5406545,https://storage.googleapis.com/fao-gismgr-glosis-data/DATA/GLOSIS/MAPSET/BT-GSOCSEQ-CORGRSRSSM3-2022/GLOSIS.BT-GSOCSEQ-CORGRSRSSM3-2022.D-0-30.D-UNCT.tif,http://localhost:8082/?map=/etc/mapserver/BT-GSOCSEQ-CORGRSRSSM3-2022-0-30-UNCT.map&SERVICE=WMS&VERSION=1.3.0&REQUEST=GetMap&BBOX=26.7%2C88.7%2C28.2%2C92.1&CRS=EPSG%3A4326&WIDTH=405&HEIGHT=186&LAYERS=BT-GSOCSEQ-CORGRSRSSM3-2022-0-30-UNCT&STYLES=&FORMAT=image%2Fpng&DPI=96&MAP_RESOLUTION=96&FORMAT_OPTIONS=dpi%3A96&TRANSPARENT=TRUE,http://localhost:8082/?map=/etc/mapserver/BT-GSOCSEQ-CORGRSRSSM3-2022-0-30-UNCT.map&SERVICE=WMS&VERSION=1.1.1&LAYER=BT-GSOCSEQ-CORGRSRSSM3-2022-0-30-UNCT&REQUEST=getlegendgraphic&FORMAT=image/png,http://localhost:8082/?map=/etc/mapserver/BT-GSOCSEQ-CORGRSRSSM3-2022-0-30-UNCT.map&SERVICE=WMS&VERSION=1.3.0&REQUEST=GetFeatureInfo&LAYERS=BT-GSOCSEQ-CORGRSRSSM3-2022-0-30-UNCT&STYLES=&FORMAT=image%2Fpng&QUERY_LAYERS=BT-GSOCSEQ-CORGRSRSSM3-2022-0-30-UNCT&INFO_FORMAT=text%2Fhtml&I=282&J=429
Global Soil Organic Carbon Sequestration potential map,BT-GSOCSEQ-CORGSOCBAU-2022-0-30-MEAN,CORGSOCBAU,GSOCseq - final SOC stocks after 20 years - business-as-usual,t/(ha·a),0-30 MEAN,http://localhost:8001/collections/metadata:main/items/e3945042-9317-11f0-99a6-17ebe5406545,https://storage.googleapis.com/fao-gismgr-glosis-data/DATA/GLOSIS/MAPSET/BT-GSOCSEQ-CORGSOCBAU-2022/GLOSIS.BT-GSOCSEQ-CORGSOCBAU-2022.D-0-30.D-MEAN.tif,http://localhost:8082/?map=/etc/mapserver/BT-GSOCSEQ-CORGSOCBAU-2022-0-30-MEAN.map&SERVICE=WMS&VERSION=1.3.0&REQUEST=GetMap&BBOX=26.7%2C88.7%2C28.2%2C92.1&CRS=EPSG%3A4326&WIDTH=405&HEIGHT=186&LAYERS=BT-GSOCSEQ-CORGSOCBAU-2022-0-30-MEAN&STYLES=&FORMAT=image%2Fpng&DPI=96&MAP_RESOLUTION=96&FORMAT_OPTIONS=dpi%3A96&TRANSPARENT=TRUE,http://localhost:8082/?map=/etc/mapserver/BT-GSOCSEQ-CORGSOCBAU-2022-0-30-MEAN.map&SERVICE=WMS&VERSION=1.1.1&LAYER=BT-GSOCSEQ-CORGSOCBAU-2022-0-30-MEAN&REQUEST=getlegendgraphic&FORMAT=image/png,http://localhost:8082/?map=/etc/mapserver/BT-GSOCSEQ-CORGSOCBAU-2022-0-30-MEAN.map&SERVICE=WMS&VERSION=1.3.0&REQUEST=GetFeatureInfo&LAYERS=BT-GSOCSEQ-CORGSOCBAU-2022-0-30-MEAN&STYLES=&FORMAT=image%2Fpng&QUERY_LAYERS=BT-GSOCSEQ-CORGSOCBAU-2022-0-30-MEAN&INFO_FORMAT=text%2Fhtml&I=282&J=429
Global Soil Organic Carbon Sequestration potential map,BT-GSOCSEQ-CORGSOCBAU-2022-0-30-UNCT,CORGSOCBAU,GSOCseq - final SOC stocks after 20 years - business-as-usual,t/(ha·a),0-30 UNCT,http://localhost:8001/collections/metadata:main/items/e3945042-9317-11f0-99a6-17ebe5406545,https://storage.googleapis.com/fao-gismgr-glosis-data/DATA/GLOSIS/MAPSET/BT-GSOCSEQ-CORGSOCBAU-2022/GLOSIS.BT-GSOCSEQ-CORGSOCBAU-2022.D-0-30.D-UNCT.tif,http://localhost:8082/?map=/etc/mapserver/BT-GSOCSEQ-CORGSOCBAU-2022-0-30-UNCT.map&SERVICE=WMS&VERSION=1.3.0&REQUEST=GetMap&BBOX=26.7%2C88.7%2C28.2%2C92.1&CRS=EPSG%3A4326&WIDTH=405&HEIGHT=186&LAYERS=BT-GSOCSEQ-CORGSOCBAU-2022-0-30-UNCT&STYLES=&FORMAT=image%2Fpng&DPI=96&MAP_RESOLUTION=96&FORMAT_OPTIONS=dpi%3A96&TRANSPARENT=TRUE,http://localhost:8082/?map=/etc/mapserver/BT-GSOCSEQ-CORGSOCBAU-2022-0-30-UNCT.map&SERVICE=WMS&VERSION=1.1.1&LAYER=BT-GSOCSEQ-CORGSOCBAU-2022-0-30-UNCT&REQUEST=getlegendgraphic&FORMAT=image/png,http://localhost:8082/?map=/etc/mapserver/BT-GSOCSEQ-CORGSOCBAU-2022-0-30-UNCT.map&SERVICE=WMS&VERSION=1.3.0&REQUEST=GetFeatureInfo&LAYERS=BT-GSOCSEQ-CORGSOCBAU-2022-0-30-UNCT&STYLES=&FORMAT=image%2Fpng&QUERY_LAYERS=BT-GSOCSEQ-CORGSOCBAU-2022-0-30-UNCT&INFO_FORMAT=text%2Fhtml&I=282&J=429
Global Soil Organic Carbon Sequestration potential map,BT-GSOCSEQ-CORGSOCSSM1-2022-0-30-MEAN,CORGSOCSSM1,GSOCseq - final SOC stocks after 20 years - sustainable soil managemen 1,t/(ha·a),0-30 MEAN,http://localhost:8001/collections/metadata:main/items/e2c4c992-9317-11f0-99a6-17ebe5406545,https://storage.googleapis.com/fao-gismgr-glosis-data/DATA/GLOSIS/MAPSET/BT-GSOCSEQ-CORGSOCSSM1-2022/GLOSIS.BT-GSOCSEQ-CORGSOCSSM1-2022.D-0-30.D-MEAN.tif,http://localhost:8082/?map=/etc/mapserver/BT-GSOCSEQ-CORGSOCSSM1-2022-0-30-MEAN.map&SERVICE=WMS&VERSION=1.3.0&REQUEST=GetMap&BBOX=26.7%2C88.7%2C28.2%2C92.1&CRS=EPSG%3A4326&WIDTH=405&HEIGHT=186&LAYERS=BT-GSOCSEQ-CORGSOCSSM1-2022-0-30-MEAN&STYLES=&FORMAT=image%2Fpng&DPI=96&MAP_RESOLUTION=96&FORMAT_OPTIONS=dpi%3A96&TRANSPARENT=TRUE,http://localhost:8082/?map=/etc/mapserver/BT-GSOCSEQ-CORGSOCSSM1-2022-0-30-MEAN.map&SERVICE=WMS&VERSION=1.1.1&LAYER=BT-GSOCSEQ-CORGSOCSSM1-2022-0-30-MEAN&REQUEST=getlegendgraphic&FORMAT=image/png,http://localhost:8082/?map=/etc/mapserver/BT-GSOCSEQ-CORGSOCSSM1-2022-0-30-MEAN.map&SERVICE=WMS&VERSION=1.3.0&REQUEST=GetFeatureInfo&LAYERS=BT-GSOCSEQ-CORGSOCSSM1-2022-0-30-MEAN&STYLES=&FORMAT=image%2Fpng&QUERY_LAYERS=BT-GSOCSEQ-CORGSOCSSM1-2022-0-30-MEAN&INFO_FORMAT=text%2Fhtml&I=282&J=429
Global Soil Organic Carbon Sequestration potential map,BT-GSOCSEQ-CORGSOCSSM1-2022-0-30-UNCT,CORGSOCSSM1,GSOCseq - final SOC stocks after 20 years - sustainable soil managemen 1,t/(ha·a),0-30 UNCT,http://localhost:8001/collections/metadata:main/items/e2c4c992-9317-11f0-99a6-17ebe5406545,https://storage.googleapis.com/fao-gismgr-glosis-data/DATA/GLOSIS/MAPSET/BT-GSOCSEQ-CORGSOCSSM1-2022/GLOSIS.BT-GSOCSEQ-CORGSOCSSM1-2022.D-0-30.D-UNCT.tif,http://localhost:8082/?map=/etc/mapserver/BT-GSOCSEQ-CORGSOCSSM1-2022-0-30-UNCT.map&SERVICE=WMS&VERSION=1.3.0&REQUEST=GetMap&BBOX=26.7%2C88.7%2C28.2%2C92.1&CRS=EPSG%3A4326&WIDTH=405&HEIGHT=186&LAYERS=BT-GSOCSEQ-CORGSOCSSM1-2022-0-30-UNCT&STYLES=&FORMAT=image%2Fpng&DPI=96&MAP_RESOLUTION=96&FORMAT_OPTIONS=dpi%3A96&TRANSPARENT=TRUE,http://localhost:8082/?map=/etc/mapserver/BT-GSOCSEQ-CORGSOCSSM1-2022-0-30-UNCT.map&SERVICE=WMS&VERSION=1.1.1&LAYER=BT-GSOCSEQ-CORGSOCSSM1-2022-0-30-UNCT&REQUEST=getlegendgraphic&FORMAT=image/png,http://localhost:8082/?map=/etc/mapserver/BT-GSOCSEQ-CORGSOCSSM1-2022-0-30-UNCT.map&SERVICE=WMS&VERSION=1.3.0&REQUEST=GetFeatureInfo&LAYERS=BT-GSOCSEQ-CORGSOCSSM1-2022-0-30-UNCT&STYLES=&FORMAT=image%2Fpng&QUERY_LAYERS=BT-GSOCSEQ-CORGSOCSSM1-2022-0-30-UNCT&INFO_FORMAT=text%2Fhtml&I=282&J=429
Global Soil Organic Carbon Sequestration potential map,BT-GSOCSEQ-CORGSOCSSM2-2022-0-30-MEAN,CORGSOCSSM2,GSOCseq - final SOC stocks after 20 years - sustainable soil managemen 2,t/(ha·a),0-30 MEAN,http://localhost:8001/collections/metadata:main/items/e2c4c9b5-9317-11f0-99a6-17ebe5406545,https://storage.googleapis.com/fao-gismgr-glosis-data/DATA/GLOSIS/MAPSET/BT-GSOCSEQ-CORGSOCSSM2-2022/GLOSIS.BT-GSOCSEQ-CORGSOCSSM2-2022.D-0-30.D-MEAN.tif,http://localhost:8082/?map=/etc/mapserver/BT-GSOCSEQ-CORGSOCSSM2-2022-0-30-MEAN.map&SERVICE=WMS&VERSION=1.3.0&REQUEST=GetMap&BBOX=26.7%2C88.7%2C28.2%2C92.1&CRS=EPSG%3A4326&WIDTH=405&HEIGHT=186&LAYERS=BT-GSOCSEQ-CORGSOCSSM2-2022-0-30-MEAN&STYLES=&FORMAT=image%2Fpng&DPI=96&MAP_RESOLUTION=96&FORMAT_OPTIONS=dpi%3A96&TRANSPARENT=TRUE,http://localhost:8082/?map=/etc/mapserver/BT-GSOCSEQ-CORGSOCSSM2-2022-0-30-MEAN.map&SERVICE=WMS&VERSION=1.1.1&LAYER=BT-GSOCSEQ-CORGSOCSSM2-2022-0-30-MEAN&REQUEST=getlegendgraphic&FORMAT=image/png,http://localhost:8082/?map=/etc/mapserver/BT-GSOCSEQ-CORGSOCSSM2-2022-0-30-MEAN.map&SERVICE=WMS&VERSION=1.3.0&REQUEST=GetFeatureInfo&LAYERS=BT-GSOCSEQ-CORGSOCSSM2-2022-0-30-MEAN&STYLES=&FORMAT=image%2Fpng&QUERY_LAYERS=BT-GSOCSEQ-CORGSOCSSM2-2022-0-30-MEAN&INFO_FORMAT=text%2Fhtml&I=282&J=429
Global Soil Organic Carbon Sequestration potential map,BT-GSOCSEQ-CORGSOCSSM2-2022-0-30-UNCT,CORGSOCSSM2,GSOCseq - final SOC stocks after 20 years - sustainable soil managemen 2,t/(ha·a),0-30 UNCT,http://localhost:8001/collections/metadata:main/items/e2c4c9b5-9317-11f0-99a6-17ebe5406545,https://storage.googleapis.com/fao-gismgr-glosis-data/DATA/GLOSIS/MAPSET/BT-GSOCSEQ-CORGSOCSSM2-2022/GLOSIS.BT-GSOCSEQ-CORGSOCSSM2-2022.D-0-30.D-UNCT.tif,http://localhost:8082/?map=/etc/mapserver/BT-GSOCSEQ-CORGSOCSSM2-2022-0-30-UNCT.map&SERVICE=WMS&VERSION=1.3.0&REQUEST=GetMap&BBOX=26.7%2C88.7%2C28.2%2C92.1&CRS=EPSG%3A4326&WIDTH=405&HEIGHT=186&LAYERS=BT-GSOCSEQ-CORGSOCSSM2-2022-0-30-UNCT&STYLES=&FORMAT=image%2Fpng&DPI=96&MAP_RESOLUTION=96&FORMAT_OPTIONS=dpi%3A96&TRANSPARENT=TRUE,http://localhost:8082/?map=/etc/mapserver/BT-GSOCSEQ-CORGSOCSSM2-2022-0-30-UNCT.map&SERVICE=WMS&VERSION=1.1.1&LAYER=BT-GSOCSEQ-CORGSOCSSM2-2022-0-30-UNCT&REQUEST=getlegendgraphic&FORMAT=image/png,http://localhost:8082/?map=/etc/mapserver/BT-GSOCSEQ-CORGSOCSSM2-2022-0-30-UNCT.map&SERVICE=WMS&VERSION=1.3.0&REQUEST=GetFeatureInfo&LAYERS=BT-GSOCSEQ-CORGSOCSSM2-2022-0-30-UNCT&STYLES=&FORMAT=image%2Fpng&QUERY_LAYERS=BT-GSOCSEQ-CORGSOCSSM2-2022-0-30-UNCT&INFO_FORMAT=text%2Fhtml&I=282&J=429
Global Soil Organic Carbon Sequestration potential map,BT-GSOCSEQ-CORGSOCSSM3-2022-0-30-MEAN,CORGSOCSSM3,GSOCseq - final SOC stocks after 20 years - sustainable soil managemen 3,t/(ha·a),0-30 MEAN,http://localhost:8001/collections/metadata:main/items/e2c4c9a5-9317-11f0-99a6-17ebe5406545,https://storage.googleapis.com/fao-gismgr-glosis-data/DATA/GLOSIS/MAPSET/BT-GSOCSEQ-CORGSOCSSM3-2022/GLOSIS.BT-GSOCSEQ-CORGSOCSSM3-2022.D-0-30.D-MEAN.tif,http://localhost:8082/?map=/etc/mapserver/BT-GSOCSEQ-CORGSOCSSM3-2022-0-30-MEAN.map&SERVICE=WMS&VERSION=1.3.0&REQUEST=GetMap&BBOX=26.7%2C88.7%2C28.2%2C92.1&CRS=EPSG%3A4326&WIDTH=405&HEIGHT=186&LAYERS=BT-GSOCSEQ-CORGSOCSSM3-2022-0-30-MEAN&STYLES=&FORMAT=image%2Fpng&DPI=96&MAP_RESOLUTION=96&FORMAT_OPTIONS=dpi%3A96&TRANSPARENT=TRUE,http://localhost:8082/?map=/etc/mapserver/BT-GSOCSEQ-CORGSOCSSM3-2022-0-30-MEAN.map&SERVICE=WMS&VERSION=1.1.1&LAYER=BT-GSOCSEQ-CORGSOCSSM3-2022-0-30-MEAN&REQUEST=getlegendgraphic&FORMAT=image/png,http://localhost:8082/?map=/etc/mapserver/BT-GSOCSEQ-CORGSOCSSM3-2022-0-30-MEAN.map&SERVICE=WMS&VERSION=1.3.0&REQUEST=GetFeatureInfo&LAYERS=BT-GSOCSEQ-CORGSOCSSM3-2022-0-30-MEAN&STYLES=&FORMAT=image%2Fpng&QUERY_LAYERS=BT-GSOCSEQ-CORGSOCSSM3-2022-0-30-MEAN&INFO_FORMAT=text%2Fhtml&I=282&J=429
Global Soil Organic Carbon Sequestration potential map,BT-GSOCSEQ-CORGSOCSSM3-2022-0-30-UNCT,CORGSOCSSM3,GSOCseq - final SOC stocks after 20 years - sustainable soil managemen 3,t/(ha·a),0-30 UNCT,http://localhost:8001/collections/metadata:main/items/e2c4c9a5-9317-11f0-99a6-17ebe5406545,https://storage.googleapis.com/fao-gismgr-glosis-data/DATA/GLOSIS/MAPSET/BT-GSOCSEQ-CORGSOCSSM3-2022/GLOSIS.BT-GSOCSEQ-CORGSOCSSM3-2022.D-0-30.D-UNCT.tif,http://localhost:8082/?map=/etc/mapserver/BT-GSOCSEQ-CORGSOCSSM3-2022-0-30-UNCT.map&SERVICE=WMS&VERSION=1.3.0&REQUEST=GetMap&BBOX=26.7%2C88.7%2C28.2%2C92.1&CRS=EPSG%3A4326&WIDTH=405&HEIGHT=186&LAYERS=BT-GSOCSEQ-CORGSOCSSM3-2022-0-30-UNCT&STYLES=&FORMAT=image%2Fpng&DPI=96&MAP_RESOLUTION=96&FORMAT_OPTIONS=dpi%3A96&TRANSPARENT=TRUE,http://localhost:8082/?map=/etc/mapserver/BT-GSOCSEQ-CORGSOCSSM3-2022-0-30-UNCT.map&SERVICE=WMS&VERSION=1.1.1&LAYER=BT-GSOCSEQ-CORGSOCSSM3-2022-0-30-UNCT&REQUEST=getlegendgraphic&FORMAT=image/png,http://localhost:8082/?map=/etc/mapserver/BT-GSOCSEQ-CORGSOCSSM3-2022-0-30-UNCT.map&SERVICE=WMS&VERSION=1.3.0&REQUEST=GetFeatureInfo&LAYERS=BT-GSOCSEQ-CORGSOCSSM3-2022-0-30-UNCT&STYLES=&FORMAT=image%2Fpng&QUERY_LAYERS=BT-GSOCSEQ-CORGSOCSSM3-2022-0-30-UNCT&INFO_FORMAT=text%2Fhtml&I=282&J=429
Global Soil Organic Carbon Sequestration potential map,BT-GSOCSEQ-CORGT0-2022-0-30-MEAN,CORGT0,GSOCseq - initial SOC stocks at year 2020 - time zero,t/(ha·a),0-30 MEAN,http://localhost:8001/collections/metadata:main/items/e2c4c99f-9317-11f0-99a6-17ebe5406545,https://storage.googleapis.com/fao-gismgr-glosis-data/DATA/GLOSIS/MAPSET/BT-GSOCSEQ-CORGT0-2022/GLOSIS.BT-GSOCSEQ-CORGT0-2022.D-0-30.D-MEAN.tif,http://localhost:8082/?map=/etc/mapserver/BT-GSOCSEQ-CORGT0-2022-0-30-MEAN.map&SERVICE=WMS&VERSION=1.3.0&REQUEST=GetMap&BBOX=26.7%2C88.7%2C28.2%2C92.1&CRS=EPSG%3A4326&WIDTH=405&HEIGHT=186&LAYERS=BT-GSOCSEQ-CORGT0-2022-0-30-MEAN&STYLES=&FORMAT=image%2Fpng&DPI=96&MAP_RESOLUTION=96&FORMAT_OPTIONS=dpi%3A96&TRANSPARENT=TRUE,http://localhost:8082/?map=/etc/mapserver/BT-GSOCSEQ-CORGT0-2022-0-30-MEAN.map&SERVICE=WMS&VERSION=1.1.1&LAYER=BT-GSOCSEQ-CORGT0-2022-0-30-MEAN&REQUEST=getlegendgraphic&FORMAT=image/png,http://localhost:8082/?map=/etc/mapserver/BT-GSOCSEQ-CORGT0-2022-0-30-MEAN.map&SERVICE=WMS&VERSION=1.3.0&REQUEST=GetFeatureInfo&LAYERS=BT-GSOCSEQ-CORGT0-2022-0-30-MEAN&STYLES=&FORMAT=image%2Fpng&QUERY_LAYERS=BT-GSOCSEQ-CORGT0-2022-0-30-MEAN&INFO_FORMAT=text%2Fhtml&I=282&J=429
Global Soil Organic Carbon Sequestration potential map,BT-GSOCSEQ-CORGT0-2022-0-30-UNCT,CORGT0,GSOCseq - initial SOC stocks at year 2020 - time zero,t/(ha·a),0-30 UNCT,http://localhost:8001/collections/metadata:main/items/e2c4c99f-9317-11f0-99a6-17ebe5406545,https://storage.googleapis.com/fao-gismgr-glosis-data/DATA/GLOSIS/MAPSET/BT-GSOCSEQ-CORGT0-2022/GLOSIS.BT-GSOCSEQ-CORGT0-2022.D-0-30.D-UNCT.tif,http://localhost:8082/?map=/etc/mapserver/BT-GSOCSEQ-CORGT0-2022-0-30-UNCT.map&SERVICE=WMS&VERSION=1.3.0&REQUEST=GetMap&BBOX=26.7%2C88.7%2C28.2%2C92.1&CRS=EPSG%3A4326&WIDTH=405&HEIGHT=186&LAYERS=BT-GSOCSEQ-CORGT0-2022-0-30-UNCT&STYLES=&FORMAT=image%2Fpng&DPI=96&MAP_RESOLUTION=96&FORMAT_OPTIONS=dpi%3A96&TRANSPARENT=TRUE,http://localhost:8082/?map=/etc/mapserver/BT-GSOCSEQ-CORGT0-2022-0-30-UNCT.map&SERVICE=WMS&VERSION=1.1.1&LAYER=BT-GSOCSEQ-CORGT0-2022-0-30-UNCT&REQUEST=getlegendgraphic&FORMAT=image/png,http://localhost:8082/?map=/etc/mapserver/BT-GSOCSEQ-CORGT0-2022-0-30-UNCT.map&SERVICE=WMS&VERSION=1.3.0&REQUEST=GetFeatureInfo&LAYERS=BT-GSOCSEQ-CORGT0-2022-0-30-UNCT&STYLES=&FORMAT=image%2Fpng&QUERY_LAYERS=BT-GSOCSEQ-CORGT0-2022-0-30-UNCT&INFO_FORMAT=text%2Fhtml&I=282&J=429
