project_name,layer_id,property_id,property_name,unit_id,dimension_des,metadata_url,download_url,get_map_url,get_legend_url,get_feature_info_url
Salt-Affected Soils,PH-GSAS-ECX-2020-0-30,ECX,Electrical conductivity,dS m-1,0-30,http://localhost:8001/collections/metadata:main/items/32afbca5-ebeb-11ef-bc12-6b4a6fcd8b5e,https://storage.googleapis.com/fao-gismgr-glosis-data/DATA/GLOSIS/MAPSET/PH-GSAS-ECX-2020/GLOSIS.PH-GSAS-ECX-2020.D-0-30.tif,http://localhost:8082/?map=/etc/mapserver/PH-GSAS-ECX-2020-0-30.map&SERVICE=WMS&VERSION=1.3.0&REQUEST=GetMap&BBOX=4.584249999999999936%2C116.5172270000000054%2C21.22970700000000122%2C126.8480870000000067&CRS=EPSG%3A4326&WIDTH=567&HEIGHT=914&LAYERS=PH-GSAS-ECX-2020-0-30&STYLES=&FORMAT=image%2Fpng&DPI=96&MAP_RESOLUTION=96&FORMAT_OPTIONS=dpi%3A96&TRANSPARENT=TRUE,http://localhost:8082/?map=/etc/mapserver/PH-GSAS-ECX-2020-0-30.map&SERVICE=WMS&VERSION=1.1.1&LAYER=PH-GSAS-ECX-2020-0-30&REQUEST=getlegendgraphic&FORMAT=image/png,http://localhost:8082/?map=/etc/mapserver/PH-GSAS-ECX-2020-0-30.map&SERVICE=WMS&VERSION=1.3.0&REQUEST=GetFeatureInfo&LAYERS=PH-GSAS-ECX-2020-0-30&STYLES=&FORMAT=image%2Fpng&QUERY_LAYERS=PH-GSAS-ECX-2020-0-30&INFO_FORMAT=text%2Fhtml&I=282&J=429
Salt-Affected Soils,PH-GSAS-ECX-2020-30-100,ECX,Electrical conductivity,dS m-1,30-100,http://localhost:8001/collections/metadata:main/items/32afbca5-ebeb-11ef-bc12-6b4a6fcd8b5e,https://storage.googleapis.com/fao-gismgr-glosis-data/DATA/GLOSIS/MAPSET/PH-GSAS-ECX-2020/GLOSIS.PH-GSAS-ECX-2020.D-30-100.tif,http://localhost:8082/?map=/etc/mapserver/PH-GSAS-ECX-2020-30-100.map&SERVICE=WMS&VERSION=1.3.0&REQUEST=GetMap&BBOX=4.584249999999999936%2C116.5172270000000054%2C21.22970700000000122%2C126.8480870000000067&CRS=EPSG%3A4326&WIDTH=567&HEIGHT=914&LAYERS=PH-GSAS-ECX-2020-30-100&STYLES=&FORMAT=image%2Fpng&DPI=96&MAP_RESOLUTION=96&FORMAT_OPTIONS=dpi%3A96&TRANSPARENT=TRUE,http://localhost:8082/?map=/etc/mapserver/PH-GSAS-ECX-2020-30-100.map&SERVICE=WMS&VERSION=1.1.1&LAYER=PH-GSAS-ECX-2020-30-100&REQUEST=getlegendgraphic&FORMAT=image/png,http://localhost:8082/?map=/etc/mapserver/PH-GSAS-ECX-2020-30-100.map&SERVICE=WMS&VERSION=1.3.0&REQUEST=GetFeatureInfo&LAYERS=PH-GSAS-ECX-2020-30-100&STYLES=&FORMAT=image%2Fpng&QUERY_LAYERS=PH-GSAS-ECX-2020-30-100&INFO_FORMAT=text%2Fhtml&I=282&J=429
Salt-Affected Soils,PH-GSAS-NAEXC-2020-0-30,NAEXC,Sodium (Na+) - exchangeable,%,0-30,http://localhost:8001/collections/metadata:main/items/32afbc85-ebeb-11ef-bc12-6b4a6fcd8b5e,https://storage.googleapis.com/fao-gismgr-glosis-data/DATA/GLOSIS/MAPSET/PH-GSAS-NAEXC-2020/GLOSIS.PH-GSAS-NAEXC-2020.D-0-30.tif,http://localhost:8082/?map=/etc/mapserver/PH-GSAS-NAEXC-2020-0-30.map&SERVICE=WMS&VERSION=1.3.0&REQUEST=GetMap&BBOX=4.584249999999999936%2C116.5172270000000054%2C21.22970700000000122%2C126.8480870000000067&CRS=EPSG%3A4326&WIDTH=567&HEIGHT=914&LAYERS=PH-GSAS-NAEXC-2020-0-30&STYLES=&FORMAT=image%2Fpng&DPI=96&MAP_RESOLUTION=96&FORMAT_OPTIONS=dpi%3A96&TRANSPARENT=TRUE,http://localhost:8082/?map=/etc/mapserver/PH-GSAS-NAEXC-2020-0-30.map&SERVICE=WMS&VERSION=1.1.1&LAYER=PH-GSAS-NAEXC-2020-0-30&REQUEST=getlegendgraphic&FORMAT=image/png,http://localhost:8082/?map=/etc/mapserver/PH-GSAS-NAEXC-2020-0-30.map&SERVICE=WMS&VERSION=1.3.0&REQUEST=GetFeatureInfo&LAYERS=PH-GSAS-NAEXC-2020-0-30&STYLES=&FORMAT=image%2Fpng&QUERY_LAYERS=PH-GSAS-NAEXC-2020-0-30&INFO_FORMAT=text%2Fhtml&I=282&J=429
Salt-Affected Soils,PH-GSAS-NAEXC-2020-30-100,NAEXC,Sodium (Na+) - exchangeable,%,30-100,http://localhost:8001/collections/metadata:main/items/32afbc85-ebeb-11ef-bc12-6b4a6fcd8b5e,https://storage.googleapis.com/fao-gismgr-glosis-data/DATA/GLOSIS/MAPSET/PH-GSAS-NAEXC-2020/GLOSIS.PH-GSAS-NAEXC-2020.D-30-100.tif,http://localhost:8082/?map=/etc/mapserver/PH-GSAS-NAEXC-2020-30-100.map&SERVICE=WMS&VERSION=1.3.0&REQUEST=GetMap&BBOX=4.584249999999999936%2C116.5172270000000054%2C21.22970700000000122%2C126.8480870000000067&CRS=EPSG%3A4326&WIDTH=567&HEIGHT=914&LAYERS=PH-GSAS-NAEXC-2020-30-100&STYLES=&FORMAT=image%2Fpng&DPI=96&MAP_RESOLUTION=96&FORMAT_OPTIONS=dpi%3A96&TRANSPARENT=TRUE,http://localhost:8082/?map=/etc/mapserver/PH-GSAS-NAEXC-2020-30-100.map&SERVICE=WMS&VERSION=1.1.1&LAYER=PH-GSAS-NAEXC-2020-30-100&REQUEST=getlegendgraphic&FORMAT=image/png,http://localhost:8082/?map=/etc/mapserver/PH-GSAS-NAEXC-2020-30-100.map&SERVICE=WMS&VERSION=1.3.0&REQUEST=GetFeatureInfo&LAYERS=PH-GSAS-NAEXC-2020-30-100&STYLES=&FORMAT=image%2Fpng&QUERY_LAYERS=PH-GSAS-NAEXC-2020-30-100&INFO_FORMAT=text%2Fhtml&I=282&J=429
Salt-Affected Soils,PH-GSAS-PHX-2020-0-30,PHX,pH - Hydrogen potential,pH,0-30,http://localhost:8001/collections/metadata:main/items/32afbc8f-ebeb-11ef-bc12-6b4a6fcd8b5e,https://storage.googleapis.com/fao-gismgr-glosis-data/DATA/GLOSIS/MAPSET/PH-GSAS-PHX-2020/GLOSIS.PH-GSAS-PHX-2020.D-0-30.tif,http://localhost:8082/?map=/etc/mapserver/PH-GSAS-PHX-2020-0-30.map&SERVICE=WMS&VERSION=1.3.0&REQUEST=GetMap&BBOX=4.584249999999999936%2C116.5172270000000054%2C21.22970700000000122%2C126.8480870000000067&CRS=EPSG%3A4326&WIDTH=567&HEIGHT=914&LAYERS=PH-GSAS-PHX-2020-0-30&STYLES=&FORMAT=image%2Fpng&DPI=96&MAP_RESOLUTION=96&FORMAT_OPTIONS=dpi%3A96&TRANSPARENT=TRUE,http://localhost:8082/?map=/etc/mapserver/PH-GSAS-PHX-2020-0-30.map&SERVICE=WMS&VERSION=1.1.1&LAYER=PH-GSAS-PHX-2020-0-30&REQUEST=getlegendgraphic&FORMAT=image/png,http://localhost:8082/?map=/etc/mapserver/PH-GSAS-PHX-2020-0-30.map&SERVICE=WMS&VERSION=1.3.0&REQUEST=GetFeatureInfo&LAYERS=PH-GSAS-PHX-2020-0-30&STYLES=&FORMAT=image%2Fpng&QUERY_LAYERS=PH-GSAS-PHX-2020-0-30&INFO_FORMAT=text%2Fhtml&I=282&J=429
Salt-Affected Soils,PH-GSAS-PHX-2020-30-100,PHX,pH - Hydrogen potential,pH,30-100,http://localhost:8001/collections/metadata:main/items/32afbc8f-ebeb-11ef-bc12-6b4a6fcd8b5e,https://storage.googleapis.com/fao-gismgr-glosis-data/DATA/GLOSIS/MAPSET/PH-GSAS-PHX-2020/GLOSIS.PH-GSAS-PHX-2020.D-30-100.tif,http://localhost:8082/?map=/etc/mapserver/PH-GSAS-PHX-2020-30-100.map&SERVICE=WMS&VERSION=1.3.0&REQUEST=GetMap&BBOX=4.584249999999999936%2C116.5172270000000054%2C21.22970700000000122%2C126.8480870000000067&CRS=EPSG%3A4326&WIDTH=567&HEIGHT=914&LAYERS=PH-GSAS-PHX-2020-30-100&STYLES=&FORMAT=image%2Fpng&DPI=96&MAP_RESOLUTION=96&FORMAT_OPTIONS=dpi%3A96&TRANSPARENT=TRUE,http://localhost:8082/?map=/etc/mapserver/PH-GSAS-PHX-2020-30-100.map&SERVICE=WMS&VERSION=1.1.1&LAYER=PH-GSAS-PHX-2020-30-100&REQUEST=getlegendgraphic&FORMAT=image/png,http://localhost:8082/?map=/etc/mapserver/PH-GSAS-PHX-2020-30-100.map&SERVICE=WMS&VERSION=1.3.0&REQUEST=GetFeatureInfo&LAYERS=PH-GSAS-PHX-2020-30-100&STYLES=&FORMAT=image%2Fpng&QUERY_LAYERS=PH-GSAS-PHX-2020-30-100&INFO_FORMAT=text%2Fhtml&I=282&J=429
Salt-Affected Soils,PH-GSAS-SALT-2020-0-30,SALT,Salinification,class,0-30,http://localhost:8001/collections/metadata:main/items/32afbc7e-ebeb-11ef-bc12-6b4a6fcd8b5e,https://storage.googleapis.com/fao-gismgr-glosis-data/DATA/GLOSIS/MAPSET/PH-GSAS-SALT-2020/GLOSIS.PH-GSAS-SALT-2020.D-0-30.tif,http://localhost:8082/?map=/etc/mapserver/PH-GSAS-SALT-2020-0-30.map&SERVICE=WMS&VERSION=1.3.0&REQUEST=GetMap&BBOX=4.584249999999999936%2C116.5172270000000054%2C21.22970700000000122%2C126.8480870000000067&CRS=EPSG%3A4326&WIDTH=567&HEIGHT=914&LAYERS=PH-GSAS-SALT-2020-0-30&STYLES=&FORMAT=image%2Fpng&DPI=96&MAP_RESOLUTION=96&FORMAT_OPTIONS=dpi%3A96&TRANSPARENT=TRUE,http://localhost:8082/?map=/etc/mapserver/PH-GSAS-SALT-2020-0-30.map&SERVICE=WMS&VERSION=1.1.1&LAYER=PH-GSAS-SALT-2020-0-30&REQUEST=getlegendgraphic&FORMAT=image/png,http://localhost:8082/?map=/etc/mapserver/PH-GSAS-SALT-2020-0-30.map&SERVICE=WMS&VERSION=1.3.0&REQUEST=GetFeatureInfo&LAYERS=PH-GSAS-SALT-2020-0-30&STYLES=&FORMAT=image%2Fpng&QUERY_LAYERS=PH-GSAS-SALT-2020-0-30&INFO_FORMAT=text%2Fhtml&I=282&J=429
Salt-Affected Soils,PH-GSAS-SALT-2020-30-100,SALT,Salinification,class,30-100,http://localhost:8001/collections/metadata:main/items/32afbc7e-ebeb-11ef-bc12-6b4a6fcd8b5e,https://storage.googleapis.com/fao-gismgr-glosis-data/DATA/GLOSIS/MAPSET/PH-GSAS-SALT-2020/GLOSIS.PH-GSAS-SALT-2020.D-30-100.tif,http://localhost:8082/?map=/etc/mapserver/PH-GSAS-SALT-2020-30-100.map&SERVICE=WMS&VERSION=1.3.0&REQUEST=GetMap&BBOX=4.584249999999999936%2C116.5172270000000054%2C21.22970700000000122%2C126.8480870000000067&CRS=EPSG%3A4326&WIDTH=567&HEIGHT=914&LAYERS=PH-GSAS-SALT-2020-30-100&STYLES=&FORMAT=image%2Fpng&DPI=96&MAP_RESOLUTION=96&FORMAT_OPTIONS=dpi%3A96&TRANSPARENT=TRUE,http://localhost:8082/?map=/etc/mapserver/PH-GSAS-SALT-2020-30-100.map&SERVICE=WMS&VERSION=1.1.1&LAYER=PH-GSAS-SALT-2020-30-100&REQUEST=getlegendgraphic&FORMAT=image/png,http://localhost:8082/?map=/etc/mapserver/PH-GSAS-SALT-2020-30-100.map&SERVICE=WMS&VERSION=1.3.0&REQUEST=GetFeatureInfo&LAYERS=PH-GSAS-SALT-2020-30-100&STYLES=&FORMAT=image%2Fpng&QUERY_LAYERS=PH-GSAS-SALT-2020-30-100&INFO_FORMAT=text%2Fhtml&I=282&J=429
Soil Nutrients,PH-GSNM-BKD-2023-0-30,BKD,Bulk density,g/cm3,0-30,http://localhost:8001/collections/metadata:main/items/32afbc98-ebeb-11ef-bc12-6b4a6fcd8b5e,https://storage.googleapis.com/fao-gismgr-glosis-data/DATA/GLOSIS/MAPSET/PH-GSNM-BKD-2023/GLOSIS.PH-GSNM-BKD-2023.D-0-30.tif,http://localhost:8082/?map=/etc/mapserver/PH-GSNM-BKD-2023-0-30.map&SERVICE=WMS&VERSION=1.3.0&REQUEST=GetMap&BBOX=4.584249999999999936%2C116.5172270000000054%2C21.22970700000000122%2C126.8480870000000067&CRS=EPSG%3A4326&WIDTH=567&HEIGHT=914&LAYERS=PH-GSNM-BKD-2023-0-30&STYLES=&FORMAT=image%2Fpng&DPI=96&MAP_RESOLUTION=96&FORMAT_OPTIONS=dpi%3A96&TRANSPARENT=TRUE,http://localhost:8082/?map=/etc/mapserver/PH-GSNM-BKD-2023-0-30.map&SERVICE=WMS&VERSION=1.1.1&LAYER=PH-GSNM-BKD-2023-0-30&REQUEST=getlegendgraphic&FORMAT=image/png,http://localhost:8082/?map=/etc/mapserver/PH-GSNM-BKD-2023-0-30.map&SERVICE=WMS&VERSION=1.3.0&REQUEST=GetFeatureInfo&LAYERS=PH-GSNM-BKD-2023-0-30&STYLES=&FORMAT=image%2Fpng&QUERY_LAYERS=PH-GSNM-BKD-2023-0-30&INFO_FORMAT=text%2Fhtml&I=282&J=429
Soil Nutrients,PH-GSNM-BKD-2023-30-60,BKD,Bulk density,g/cm3,30-60,http://localhost:8001/collections/metadata:main/items/32afbc98-ebeb-11ef-bc12-6b4a6fcd8b5e,https://storage.googleapis.com/fao-gismgr-glosis-data/DATA/GLOSIS/MAPSET/PH-GSNM-BKD-2023/GLOSIS.PH-GSNM-BKD-2023.D-30-60.tif,http://localhost:8082/?map=/etc/mapserver/PH-GSNM-BKD-2023-30-60.map&SERVICE=WMS&VERSION=1.3.0&REQUEST=GetMap&BBOX=4.584249999999999936%2C116.5172270000000054%2C21.22970700000000122%2C126.8480870000000067&CRS=EPSG%3A4326&WIDTH=567&HEIGHT=914&LAYERS=PH-GSNM-BKD-2023-30-60&STYLES=&FORMAT=image%2Fpng&DPI=96&MAP_RESOLUTION=96&FORMAT_OPTIONS=dpi%3A96&TRANSPARENT=TRUE,http://localhost:8082/?map=/etc/mapserver/PH-GSNM-BKD-2023-30-60.map&SERVICE=WMS&VERSION=1.1.1&LAYER=PH-GSNM-BKD-2023-30-60&REQUEST=getlegendgraphic&FORMAT=image/png,http://localhost:8082/?map=/etc/mapserver/PH-GSNM-BKD-2023-30-60.map&SERVICE=WMS&VERSION=1.3.0&REQUEST=GetFeatureInfo&LAYERS=PH-GSNM-BKD-2023-30-60&STYLES=&FORMAT=image%2Fpng&QUERY_LAYERS=PH-GSNM-BKD-2023-30-60&INFO_FORMAT=text%2Fhtml&I=282&J=429
Soil Nutrients,PH-GSNM-CEC-2023-0-30,CEC,Cation exchange capacity,cmol(c)/kg ,0-30,http://localhost:8001/collections/metadata:main/items/32afbc7f-ebeb-11ef-bc12-6b4a6fcd8b5e,https://storage.googleapis.com/fao-gismgr-glosis-data/DATA/GLOSIS/MAPSET/PH-GSNM-CEC-2023/GLOSIS.PH-GSNM-CEC-2023.D-0-30.tif,http://localhost:8082/?map=/etc/mapserver/PH-GSNM-CEC-2023-0-30.map&SERVICE=WMS&VERSION=1.3.0&REQUEST=GetMap&BBOX=4.584249999999999936%2C116.5172270000000054%2C21.22970700000000122%2C126.8480870000000067&CRS=EPSG%3A4326&WIDTH=567&HEIGHT=914&LAYERS=PH-GSNM-CEC-2023-0-30&STYLES=&FORMAT=image%2Fpng&DPI=96&MAP_RESOLUTION=96&FORMAT_OPTIONS=dpi%3A96&TRANSPARENT=TRUE,http://localhost:8082/?map=/etc/mapserver/PH-GSNM-CEC-2023-0-30.map&SERVICE=WMS&VERSION=1.1.1&LAYER=PH-GSNM-CEC-2023-0-30&REQUEST=getlegendgraphic&FORMAT=image/png,http://localhost:8082/?map=/etc/mapserver/PH-GSNM-CEC-2023-0-30.map&SERVICE=WMS&VERSION=1.3.0&REQUEST=GetFeatureInfo&LAYERS=PH-GSNM-CEC-2023-0-30&STYLES=&FORMAT=image%2Fpng&QUERY_LAYERS=PH-GSNM-CEC-2023-0-30&INFO_FORMAT=text%2Fhtml&I=282&J=429
Soil Nutrients,PH-GSNM-CEC-2023-30-60,CEC,Cation exchange capacity,cmol(c)/kg ,30-60,http://localhost:8001/collections/metadata:main/items/32afbc7f-ebeb-11ef-bc12-6b4a6fcd8b5e,https://storage.googleapis.com/fao-gismgr-glosis-data/DATA/GLOSIS/MAPSET/PH-GSNM-CEC-2023/GLOSIS.PH-GSNM-CEC-2023.D-30-60.tif,http://localhost:8082/?map=/etc/mapserver/PH-GSNM-CEC-2023-30-60.map&SERVICE=WMS&VERSION=1.3.0&REQUEST=GetMap&BBOX=4.584249999999999936%2C116.5172270000000054%2C21.22970700000000122%2C126.8480870000000067&CRS=EPSG%3A4326&WIDTH=567&HEIGHT=914&LAYERS=PH-GSNM-CEC-2023-30-60&STYLES=&FORMAT=image%2Fpng&DPI=96&MAP_RESOLUTION=96&FORMAT_OPTIONS=dpi%3A96&TRANSPARENT=TRUE,http://localhost:8082/?map=/etc/mapserver/PH-GSNM-CEC-2023-30-60.map&SERVICE=WMS&VERSION=1.1.1&LAYER=PH-GSNM-CEC-2023-30-60&REQUEST=getlegendgraphic&FORMAT=image/png,http://localhost:8082/?map=/etc/mapserver/PH-GSNM-CEC-2023-30-60.map&SERVICE=WMS&VERSION=1.3.0&REQUEST=GetFeatureInfo&LAYERS=PH-GSNM-CEC-2023-30-60&STYLES=&FORMAT=image%2Fpng&QUERY_LAYERS=PH-GSNM-CEC-2023-30-60&INFO_FORMAT=text%2Fhtml&I=282&J=429
Soil Nutrients,PH-GSNM-CLAY-2023-0-30,CLAY,Clay texture fraction,%,0-30,http://localhost:8001/collections/metadata:main/items/32afbc7a-ebeb-11ef-bc12-6b4a6fcd8b5e,https://storage.googleapis.com/fao-gismgr-glosis-data/DATA/GLOSIS/MAPSET/PH-GSNM-CLAY-2023/GLOSIS.PH-GSNM-CLAY-2023.D-0-30.tif,http://localhost:8082/?map=/etc/mapserver/PH-GSNM-CLAY-2023-0-30.map&SERVICE=WMS&VERSION=1.3.0&REQUEST=GetMap&BBOX=4.584249999999999936%2C116.5172270000000054%2C21.22970700000000122%2C126.8480870000000067&CRS=EPSG%3A4326&WIDTH=567&HEIGHT=914&LAYERS=PH-GSNM-CLAY-2023-0-30&STYLES=&FORMAT=image%2Fpng&DPI=96&MAP_RESOLUTION=96&FORMAT_OPTIONS=dpi%3A96&TRANSPARENT=TRUE,http://localhost:8082/?map=/etc/mapserver/PH-GSNM-CLAY-2023-0-30.map&SERVICE=WMS&VERSION=1.1.1&LAYER=PH-GSNM-CLAY-2023-0-30&REQUEST=getlegendgraphic&FORMAT=image/png,http://localhost:8082/?map=/etc/mapserver/PH-GSNM-CLAY-2023-0-30.map&SERVICE=WMS&VERSION=1.3.0&REQUEST=GetFeatureInfo&LAYERS=PH-GSNM-CLAY-2023-0-30&STYLES=&FORMAT=image%2Fpng&QUERY_LAYERS=PH-GSNM-CLAY-2023-0-30&INFO_FORMAT=text%2Fhtml&I=282&J=429
Soil Nutrients,PH-GSNM-CLAY-2023-30-60,CLAY,Clay texture fraction,%,30-60,http://localhost:8001/collections/metadata:main/items/32afbc7a-ebeb-11ef-bc12-6b4a6fcd8b5e,https://storage.googleapis.com/fao-gismgr-glosis-data/DATA/GLOSIS/MAPSET/PH-GSNM-CLAY-2023/GLOSIS.PH-GSNM-CLAY-2023.D-30-60.tif,http://localhost:8082/?map=/etc/mapserver/PH-GSNM-CLAY-2023-30-60.map&SERVICE=WMS&VERSION=1.3.0&REQUEST=GetMap&BBOX=4.584249999999999936%2C116.5172270000000054%2C21.22970700000000122%2C126.8480870000000067&CRS=EPSG%3A4326&WIDTH=567&HEIGHT=914&LAYERS=PH-GSNM-CLAY-2023-30-60&STYLES=&FORMAT=image%2Fpng&DPI=96&MAP_RESOLUTION=96&FORMAT_OPTIONS=dpi%3A96&TRANSPARENT=TRUE,http://localhost:8082/?map=/etc/mapserver/PH-GSNM-CLAY-2023-30-60.map&SERVICE=WMS&VERSION=1.1.1&LAYER=PH-GSNM-CLAY-2023-30-60&REQUEST=getlegendgraphic&FORMAT=image/png,http://localhost:8082/?map=/etc/mapserver/PH-GSNM-CLAY-2023-30-60.map&SERVICE=WMS&VERSION=1.3.0&REQUEST=GetFeatureInfo&LAYERS=PH-GSNM-CLAY-2023-30-60&STYLES=&FORMAT=image%2Fpng&QUERY_LAYERS=PH-GSNM-CLAY-2023-30-60&INFO_FORMAT=text%2Fhtml&I=282&J=429
Soil Nutrients,PH-GSNM-CORG-2023-0-30,CORG,Carbon (C) - organic,%,0-30,http://localhost:8001/collections/metadata:main/items/32afbc81-ebeb-11ef-bc12-6b4a6fcd8b5e,https://storage.googleapis.com/fao-gismgr-glosis-data/DATA/GLOSIS/MAPSET/PH-GSNM-CORG-2023/GLOSIS.PH-GSNM-CORG-2023.D-0-30.tif,http://localhost:8082/?map=/etc/mapserver/PH-GSNM-CORG-2023-0-30.map&SERVICE=WMS&VERSION=1.3.0&REQUEST=GetMap&BBOX=4.584249999999999936%2C116.5172270000000054%2C21.22970700000000122%2C126.8480870000000067&CRS=EPSG%3A4326&WIDTH=567&HEIGHT=914&LAYERS=PH-GSNM-CORG-2023-0-30&STYLES=&FORMAT=image%2Fpng&DPI=96&MAP_RESOLUTION=96&FORMAT_OPTIONS=dpi%3A96&TRANSPARENT=TRUE,http://localhost:8082/?map=/etc/mapserver/PH-GSNM-CORG-2023-0-30.map&SERVICE=WMS&VERSION=1.1.1&LAYER=PH-GSNM-CORG-2023-0-30&REQUEST=getlegendgraphic&FORMAT=image/png,http://localhost:8082/?map=/etc/mapserver/PH-GSNM-CORG-2023-0-30.map&SERVICE=WMS&VERSION=1.3.0&REQUEST=GetFeatureInfo&LAYERS=PH-GSNM-CORG-2023-0-30&STYLES=&FORMAT=image%2Fpng&QUERY_LAYERS=PH-GSNM-CORG-2023-0-30&INFO_FORMAT=text%2Fhtml&I=282&J=429
Soil Nutrients,PH-GSNM-CORG-2023-30-60,CORG,Carbon (C) - organic,%,30-60,http://localhost:8001/collections/metadata:main/items/32afbc81-ebeb-11ef-bc12-6b4a6fcd8b5e,https://storage.googleapis.com/fao-gismgr-glosis-data/DATA/GLOSIS/MAPSET/PH-GSNM-CORG-2023/GLOSIS.PH-GSNM-CORG-2023.D-30-60.tif,http://localhost:8082/?map=/etc/mapserver/PH-GSNM-CORG-2023-30-60.map&SERVICE=WMS&VERSION=1.3.0&REQUEST=GetMap&BBOX=4.584249999999999936%2C116.5172270000000054%2C21.22970700000000122%2C126.8480870000000067&CRS=EPSG%3A4326&WIDTH=567&HEIGHT=914&LAYERS=PH-GSNM-CORG-2023-30-60&STYLES=&FORMAT=image%2Fpng&DPI=96&MAP_RESOLUTION=96&FORMAT_OPTIONS=dpi%3A96&TRANSPARENT=TRUE,http://localhost:8082/?map=/etc/mapserver/PH-GSNM-CORG-2023-30-60.map&SERVICE=WMS&VERSION=1.1.1&LAYER=PH-GSNM-CORG-2023-30-60&REQUEST=getlegendgraphic&FORMAT=image/png,http://localhost:8082/?map=/etc/mapserver/PH-GSNM-CORG-2023-30-60.map&SERVICE=WMS&VERSION=1.3.0&REQUEST=GetFeatureInfo&LAYERS=PH-GSNM-CORG-2023-30-60&STYLES=&FORMAT=image%2Fpng&QUERY_LAYERS=PH-GSNM-CORG-2023-30-60&INFO_FORMAT=text%2Fhtml&I=282&J=429
Soil Nutrients,PH-GSNM-KXX-2023-0-30,KXX,Potassium (K),ppm,0-30,http://localhost:8001/collections/metadata:main/items/32afbc8c-ebeb-11ef-bc12-6b4a6fcd8b5e,https://storage.googleapis.com/fao-gismgr-glosis-data/DATA/GLOSIS/MAPSET/PH-GSNM-KXX-2023/GLOSIS.PH-GSNM-KXX-2023.D-0-30.tif,http://localhost:8082/?map=/etc/mapserver/PH-GSNM-KXX-2023-0-30.map&SERVICE=WMS&VERSION=1.3.0&REQUEST=GetMap&BBOX=4.584249999999999936%2C116.5172270000000054%2C21.22970700000000122%2C126.8480870000000067&CRS=EPSG%3A4326&WIDTH=567&HEIGHT=914&LAYERS=PH-GSNM-KXX-2023-0-30&STYLES=&FORMAT=image%2Fpng&DPI=96&MAP_RESOLUTION=96&FORMAT_OPTIONS=dpi%3A96&TRANSPARENT=TRUE,http://localhost:8082/?map=/etc/mapserver/PH-GSNM-KXX-2023-0-30.map&SERVICE=WMS&VERSION=1.1.1&LAYER=PH-GSNM-KXX-2023-0-30&REQUEST=getlegendgraphic&FORMAT=image/png,http://localhost:8082/?map=/etc/mapserver/PH-GSNM-KXX-2023-0-30.map&SERVICE=WMS&VERSION=1.3.0&REQUEST=GetFeatureInfo&LAYERS=PH-GSNM-KXX-2023-0-30&STYLES=&FORMAT=image%2Fpng&QUERY_LAYERS=PH-GSNM-KXX-2023-0-30&INFO_FORMAT=text%2Fhtml&I=282&J=429
Soil Nutrients,PH-GSNM-KXX-2023-30-60,KXX,Potassium (K),ppm,30-60,http://localhost:8001/collections/metadata:main/items/32afbc8c-ebeb-11ef-bc12-6b4a6fcd8b5e,https://storage.googleapis.com/fao-gismgr-glosis-data/DATA/GLOSIS/MAPSET/PH-GSNM-KXX-2023/GLOSIS.PH-GSNM-KXX-2023.D-30-60.tif,http://localhost:8082/?map=/etc/mapserver/PH-GSNM-KXX-2023-30-60.map&SERVICE=WMS&VERSION=1.3.0&REQUEST=GetMap&BBOX=4.584249999999999936%2C116.5172270000000054%2C21.22970700000000122%2C126.8480870000000067&CRS=EPSG%3A4326&WIDTH=567&HEIGHT=914&LAYERS=PH-GSNM-KXX-2023-30-60&STYLES=&FORMAT=image%2Fpng&DPI=96&MAP_RESOLUTION=96&FORMAT_OPTIONS=dpi%3A96&TRANSPARENT=TRUE,http://localhost:8082/?map=/etc/mapserver/PH-GSNM-KXX-2023-30-60.map&SERVICE=WMS&VERSION=1.1.1&LAYER=PH-GSNM-KXX-2023-30-60&REQUEST=getlegendgraphic&FORMAT=image/png,http://localhost:8082/?map=/etc/mapserver/PH-GSNM-KXX-2023-30-60.map&SERVICE=WMS&VERSION=1.3.0&REQUEST=GetFeatureInfo&LAYERS=PH-GSNM-KXX-2023-30-60&STYLES=&FORMAT=image%2Fpng&QUERY_LAYERS=PH-GSNM-KXX-2023-30-60&INFO_FORMAT=text%2Fhtml&I=282&J=429
Soil Nutrients,PH-GSNM-PHX-2023-0-30,PHX,pH - Hydrogen potential,pH,0-30,http://localhost:8001/collections/metadata:main/items/32afbc88-ebeb-11ef-bc12-6b4a6fcd8b5e,https://storage.googleapis.com/fao-gismgr-glosis-data/DATA/GLOSIS/MAPSET/PH-GSNM-PHX-2023/GLOSIS.PH-GSNM-PHX-2023.D-0-30.tif,http://localhost:8082/?map=/etc/mapserver/PH-GSNM-PHX-2023-0-30.map&SERVICE=WMS&VERSION=1.3.0&REQUEST=GetMap&BBOX=4.584249999999999936%2C116.5172270000000054%2C21.22970700000000122%2C126.8480870000000067&CRS=EPSG%3A4326&WIDTH=567&HEIGHT=914&LAYERS=PH-GSNM-PHX-2023-0-30&STYLES=&FORMAT=image%2Fpng&DPI=96&MAP_RESOLUTION=96&FORMAT_OPTIONS=dpi%3A96&TRANSPARENT=TRUE,http://localhost:8082/?map=/etc/mapserver/PH-GSNM-PHX-2023-0-30.map&SERVICE=WMS&VERSION=1.1.1&LAYER=PH-GSNM-PHX-2023-0-30&REQUEST=getlegendgraphic&FORMAT=image/png,http://localhost:8082/?map=/etc/mapserver/PH-GSNM-PHX-2023-0-30.map&SERVICE=WMS&VERSION=1.3.0&REQUEST=GetFeatureInfo&LAYERS=PH-GSNM-PHX-2023-0-30&STYLES=&FORMAT=image%2Fpng&QUERY_LAYERS=PH-GSNM-PHX-2023-0-30&INFO_FORMAT=text%2Fhtml&I=282&J=429
Soil Nutrients,PH-GSNM-PHX-2023-30-60,PHX,pH - Hydrogen potential,pH,30-60,http://localhost:8001/collections/metadata:main/items/32afbc88-ebeb-11ef-bc12-6b4a6fcd8b5e,https://storage.googleapis.com/fao-gismgr-glosis-data/DATA/GLOSIS/MAPSET/PH-GSNM-PHX-2023/GLOSIS.PH-GSNM-PHX-2023.D-30-60.tif,http://localhost:8082/?map=/etc/mapserver/PH-GSNM-PHX-2023-30-60.map&SERVICE=WMS&VERSION=1.3.0&REQUEST=GetMap&BBOX=4.584249999999999936%2C116.5172270000000054%2C21.22970700000000122%2C126.8480870000000067&CRS=EPSG%3A4326&WIDTH=567&HEIGHT=914&LAYERS=PH-GSNM-PHX-2023-30-60&STYLES=&FORMAT=image%2Fpng&DPI=96&MAP_RESOLUTION=96&FORMAT_OPTIONS=dpi%3A96&TRANSPARENT=TRUE,http://localhost:8082/?map=/etc/mapserver/PH-GSNM-PHX-2023-30-60.map&SERVICE=WMS&VERSION=1.1.1&LAYER=PH-GSNM-PHX-2023-30-60&REQUEST=getlegendgraphic&FORMAT=image/png,http://localhost:8082/?map=/etc/mapserver/PH-GSNM-PHX-2023-30-60.map&SERVICE=WMS&VERSION=1.3.0&REQUEST=GetFeatureInfo&LAYERS=PH-GSNM-PHX-2023-30-60&STYLES=&FORMAT=image%2Fpng&QUERY_LAYERS=PH-GSNM-PHX-2023-30-60&INFO_FORMAT=text%2Fhtml&I=282&J=429
Soil Nutrients,PH-GSNM-PXX-2023-0-30,PXX,Phosphorus (P),ppm,0-30,http://localhost:8001/collections/metadata:main/items/32afbc94-ebeb-11ef-bc12-6b4a6fcd8b5e,https://storage.googleapis.com/fao-gismgr-glosis-data/DATA/GLOSIS/MAPSET/PH-GSNM-PXX-2023/GLOSIS.PH-GSNM-PXX-2023.D-0-30.tif,http://localhost:8082/?map=/etc/mapserver/PH-GSNM-PXX-2023-0-30.map&SERVICE=WMS&VERSION=1.3.0&REQUEST=GetMap&BBOX=4.584249999999999936%2C116.5172270000000054%2C21.22970700000000122%2C126.8480870000000067&CRS=EPSG%3A4326&WIDTH=567&HEIGHT=914&LAYERS=PH-GSNM-PXX-2023-0-30&STYLES=&FORMAT=image%2Fpng&DPI=96&MAP_RESOLUTION=96&FORMAT_OPTIONS=dpi%3A96&TRANSPARENT=TRUE,http://localhost:8082/?map=/etc/mapserver/PH-GSNM-PXX-2023-0-30.map&SERVICE=WMS&VERSION=1.1.1&LAYER=PH-GSNM-PXX-2023-0-30&REQUEST=getlegendgraphic&FORMAT=image/png,http://localhost:8082/?map=/etc/mapserver/PH-GSNM-PXX-2023-0-30.map&SERVICE=WMS&VERSION=1.3.0&REQUEST=GetFeatureInfo&LAYERS=PH-GSNM-PXX-2023-0-30&STYLES=&FORMAT=image%2Fpng&QUERY_LAYERS=PH-GSNM-PXX-2023-0-30&INFO_FORMAT=text%2Fhtml&I=282&J=429
Soil Nutrients,PH-GSNM-PXX-2023-30-60,PXX,Phosphorus (P),ppm,30-60,http://localhost:8001/collections/metadata:main/items/32afbc94-ebeb-11ef-bc12-6b4a6fcd8b5e,https://storage.googleapis.com/fao-gismgr-glosis-data/DATA/GLOSIS/MAPSET/PH-GSNM-PXX-2023/GLOSIS.PH-GSNM-PXX-2023.D-30-60.tif,http://localhost:8082/?map=/etc/mapserver/PH-GSNM-PXX-2023-30-60.map&SERVICE=WMS&VERSION=1.3.0&REQUEST=GetMap&BBOX=4.584249999999999936%2C116.5172270000000054%2C21.22970700000000122%2C126.8480870000000067&CRS=EPSG%3A4326&WIDTH=567&HEIGHT=914&LAYERS=PH-GSNM-PXX-2023-30-60&STYLES=&FORMAT=image%2Fpng&DPI=96&MAP_RESOLUTION=96&FORMAT_OPTIONS=dpi%3A96&TRANSPARENT=TRUE,http://localhost:8082/?map=/etc/mapserver/PH-GSNM-PXX-2023-30-60.map&SERVICE=WMS&VERSION=1.1.1&LAYER=PH-GSNM-PXX-2023-30-60&REQUEST=getlegendgraphic&FORMAT=image/png,http://localhost:8082/?map=/etc/mapserver/PH-GSNM-PXX-2023-30-60.map&SERVICE=WMS&VERSION=1.3.0&REQUEST=GetFeatureInfo&LAYERS=PH-GSNM-PXX-2023-30-60&STYLES=&FORMAT=image%2Fpng&QUERY_LAYERS=PH-GSNM-PXX-2023-30-60&INFO_FORMAT=text%2Fhtml&I=282&J=429
Soil Nutrients,PH-GSNM-SAND-2023-0-30,SAND,Sand texture fraction,%,0-30,http://localhost:8001/collections/metadata:main/items/32afbc82-ebeb-11ef-bc12-6b4a6fcd8b5e,https://storage.googleapis.com/fao-gismgr-glosis-data/DATA/GLOSIS/MAPSET/PH-GSNM-SAND-2023/GLOSIS.PH-GSNM-SAND-2023.D-0-30.tif,http://localhost:8082/?map=/etc/mapserver/PH-GSNM-SAND-2023-0-30.map&SERVICE=WMS&VERSION=1.3.0&REQUEST=GetMap&BBOX=4.584249999999999936%2C116.5172270000000054%2C21.22970700000000122%2C126.8480870000000067&CRS=EPSG%3A4326&WIDTH=567&HEIGHT=914&LAYERS=PH-GSNM-SAND-2023-0-30&STYLES=&FORMAT=image%2Fpng&DPI=96&MAP_RESOLUTION=96&FORMAT_OPTIONS=dpi%3A96&TRANSPARENT=TRUE,http://localhost:8082/?map=/etc/mapserver/PH-GSNM-SAND-2023-0-30.map&SERVICE=WMS&VERSION=1.1.1&LAYER=PH-GSNM-SAND-2023-0-30&REQUEST=getlegendgraphic&FORMAT=image/png,http://localhost:8082/?map=/etc/mapserver/PH-GSNM-SAND-2023-0-30.map&SERVICE=WMS&VERSION=1.3.0&REQUEST=GetFeatureInfo&LAYERS=PH-GSNM-SAND-2023-0-30&STYLES=&FORMAT=image%2Fpng&QUERY_LAYERS=PH-GSNM-SAND-2023-0-30&INFO_FORMAT=text%2Fhtml&I=282&J=429
Soil Nutrients,PH-GSNM-SAND-2023-30-60,SAND,Sand texture fraction,%,30-60,http://localhost:8001/collections/metadata:main/items/32afbc82-ebeb-11ef-bc12-6b4a6fcd8b5e,https://storage.googleapis.com/fao-gismgr-glosis-data/DATA/GLOSIS/MAPSET/PH-GSNM-SAND-2023/GLOSIS.PH-GSNM-SAND-2023.D-30-60.tif,http://localhost:8082/?map=/etc/mapserver/PH-GSNM-SAND-2023-30-60.map&SERVICE=WMS&VERSION=1.3.0&REQUEST=GetMap&BBOX=4.584249999999999936%2C116.5172270000000054%2C21.22970700000000122%2C126.8480870000000067&CRS=EPSG%3A4326&WIDTH=567&HEIGHT=914&LAYERS=PH-GSNM-SAND-2023-30-60&STYLES=&FORMAT=image%2Fpng&DPI=96&MAP_RESOLUTION=96&FORMAT_OPTIONS=dpi%3A96&TRANSPARENT=TRUE,http://localhost:8082/?map=/etc/mapserver/PH-GSNM-SAND-2023-30-60.map&SERVICE=WMS&VERSION=1.1.1&LAYER=PH-GSNM-SAND-2023-30-60&REQUEST=getlegendgraphic&FORMAT=image/png,http://localhost:8082/?map=/etc/mapserver/PH-GSNM-SAND-2023-30-60.map&SERVICE=WMS&VERSION=1.3.0&REQUEST=GetFeatureInfo&LAYERS=PH-GSNM-SAND-2023-30-60&STYLES=&FORMAT=image%2Fpng&QUERY_LAYERS=PH-GSNM-SAND-2023-30-60&INFO_FORMAT=text%2Fhtml&I=282&J=429
Soil Nutrients,PH-GSNM-SILT-2023-0-30,SILT,Silt texture fraction,%,0-30,http://localhost:8001/collections/metadata:main/items/32afbc80-ebeb-11ef-bc12-6b4a6fcd8b5e,https://storage.googleapis.com/fao-gismgr-glosis-data/DATA/GLOSIS/MAPSET/PH-GSNM-SILT-2023/GLOSIS.PH-GSNM-SILT-2023.D-0-30.tif,http://localhost:8082/?map=/etc/mapserver/PH-GSNM-SILT-2023-0-30.map&SERVICE=WMS&VERSION=1.3.0&REQUEST=GetMap&BBOX=4.584249999999999936%2C116.5172270000000054%2C21.22970700000000122%2C126.8480870000000067&CRS=EPSG%3A4326&WIDTH=567&HEIGHT=914&LAYERS=PH-GSNM-SILT-2023-0-30&STYLES=&FORMAT=image%2Fpng&DPI=96&MAP_RESOLUTION=96&FORMAT_OPTIONS=dpi%3A96&TRANSPARENT=TRUE,http://localhost:8082/?map=/etc/mapserver/PH-GSNM-SILT-2023-0-30.map&SERVICE=WMS&VERSION=1.1.1&LAYER=PH-GSNM-SILT-2023-0-30&REQUEST=getlegendgraphic&FORMAT=image/png,http://localhost:8082/?map=/etc/mapserver/PH-GSNM-SILT-2023-0-30.map&SERVICE=WMS&VERSION=1.3.0&REQUEST=GetFeatureInfo&LAYERS=PH-GSNM-SILT-2023-0-30&STYLES=&FORMAT=image%2Fpng&QUERY_LAYERS=PH-GSNM-SILT-2023-0-30&INFO_FORMAT=text%2Fhtml&I=282&J=429
Soil Nutrients,PH-GSNM-SILT-2023-30-60,SILT,Silt texture fraction,%,30-60,http://localhost:8001/collections/metadata:main/items/32afbc80-ebeb-11ef-bc12-6b4a6fcd8b5e,https://storage.googleapis.com/fao-gismgr-glosis-data/DATA/GLOSIS/MAPSET/PH-GSNM-SILT-2023/GLOSIS.PH-GSNM-SILT-2023.D-30-60.tif,http://localhost:8082/?map=/etc/mapserver/PH-GSNM-SILT-2023-30-60.map&SERVICE=WMS&VERSION=1.3.0&REQUEST=GetMap&BBOX=4.584249999999999936%2C116.5172270000000054%2C21.22970700000000122%2C126.8480870000000067&CRS=EPSG%3A4326&WIDTH=567&HEIGHT=914&LAYERS=PH-GSNM-SILT-2023-30-60&STYLES=&FORMAT=image%2Fpng&DPI=96&MAP_RESOLUTION=96&FORMAT_OPTIONS=dpi%3A96&TRANSPARENT=TRUE,http://localhost:8082/?map=/etc/mapserver/PH-GSNM-SILT-2023-30-60.map&SERVICE=WMS&VERSION=1.1.1&LAYER=PH-GSNM-SILT-2023-30-60&REQUEST=getlegendgraphic&FORMAT=image/png,http://localhost:8082/?map=/etc/mapserver/PH-GSNM-SILT-2023-30-60.map&SERVICE=WMS&VERSION=1.3.0&REQUEST=GetFeatureInfo&LAYERS=PH-GSNM-SILT-2023-30-60&STYLES=&FORMAT=image%2Fpng&QUERY_LAYERS=PH-GSNM-SILT-2023-30-60&INFO_FORMAT=text%2Fhtml&I=282&J=429
Organic Carbon Sequestration Potential,PH-GSOC-CORGADBAU-2021-0-30,CORGADBAU,AbsDiff Business As Usual (BAU),tonnes C ha-1 yr-1,0-30,http://localhost:8001/collections/metadata:main/items/32afbc9b-ebeb-11ef-bc12-6b4a6fcd8b5e,https://storage.googleapis.com/fao-gismgr-glosis-data/DATA/GLOSIS/MAP/GLOSIS.PH-GSOC-CORGADBAU-2021.tif,http://localhost:8082/?map=/etc/mapserver/PH-GSOC-CORGADBAU-2021-0-30.map&SERVICE=WMS&VERSION=1.3.0&REQUEST=GetMap&BBOX=4.584249999999999936%2C116.5172270000000054%2C21.22970700000000122%2C126.8480870000000067&CRS=EPSG%3A4326&WIDTH=567&HEIGHT=914&LAYERS=PH-GSOC-CORGADBAU-2021-0-30&STYLES=&FORMAT=image%2Fpng&DPI=96&MAP_RESOLUTION=96&FORMAT_OPTIONS=dpi%3A96&TRANSPARENT=TRUE,http://localhost:8082/?map=/etc/mapserver/PH-GSOC-CORGADBAU-2021-0-30.map&SERVICE=WMS&VERSION=1.1.1&LAYER=PH-GSOC-CORGADBAU-2021-0-30&REQUEST=getlegendgraphic&FORMAT=image/png,http://localhost:8082/?map=/etc/mapserver/PH-GSOC-CORGADBAU-2021-0-30.map&SERVICE=WMS&VERSION=1.3.0&REQUEST=GetFeatureInfo&LAYERS=PH-GSOC-CORGADBAU-2021-0-30&STYLES=&FORMAT=image%2Fpng&QUERY_LAYERS=PH-GSOC-CORGADBAU-2021-0-30&INFO_FORMAT=text%2Fhtml&I=282&J=429
Organic Carbon Sequestration Potential,PH-GSOC-CORGADSSM1-2021-0-30,CORGADSSM1,AbsDiff SSM1,tonnes C ha-1 yr-1,0-30,http://localhost:8001/collections/metadata:main/items/32afbc96-ebeb-11ef-bc12-6b4a6fcd8b5e,https://storage.googleapis.com/fao-gismgr-glosis-data/DATA/GLOSIS/MAP/GLOSIS.PH-GSOC-CORGADSSM1-2021.tif,http://localhost:8082/?map=/etc/mapserver/PH-GSOC-CORGADSSM1-2021-0-30.map&SERVICE=WMS&VERSION=1.3.0&REQUEST=GetMap&BBOX=4.584249999999999936%2C116.5172270000000054%2C21.22970700000000122%2C126.8480870000000067&CRS=EPSG%3A4326&WIDTH=567&HEIGHT=914&LAYERS=PH-GSOC-CORGADSSM1-2021-0-30&STYLES=&FORMAT=image%2Fpng&DPI=96&MAP_RESOLUTION=96&FORMAT_OPTIONS=dpi%3A96&TRANSPARENT=TRUE,http://localhost:8082/?map=/etc/mapserver/PH-GSOC-CORGADSSM1-2021-0-30.map&SERVICE=WMS&VERSION=1.1.1&LAYER=PH-GSOC-CORGADSSM1-2021-0-30&REQUEST=getlegendgraphic&FORMAT=image/png,http://localhost:8082/?map=/etc/mapserver/PH-GSOC-CORGADSSM1-2021-0-30.map&SERVICE=WMS&VERSION=1.3.0&REQUEST=GetFeatureInfo&LAYERS=PH-GSOC-CORGADSSM1-2021-0-30&STYLES=&FORMAT=image%2Fpng&QUERY_LAYERS=PH-GSOC-CORGADSSM1-2021-0-30&INFO_FORMAT=text%2Fhtml&I=282&J=429
Organic Carbon Sequestration Potential,PH-GSOC-CORGADSSM2-2021-0-30,CORGADSSM2,AbsDiff SSM2,tonnes C ha-1 yr-1,0-30,http://localhost:8001/collections/metadata:main/items/32afbc7b-ebeb-11ef-bc12-6b4a6fcd8b5e,https://storage.googleapis.com/fao-gismgr-glosis-data/DATA/GLOSIS/MAP/GLOSIS.PH-GSOC-CORGADSSM2-2021.tif,http://localhost:8082/?map=/etc/mapserver/PH-GSOC-CORGADSSM2-2021-0-30.map&SERVICE=WMS&VERSION=1.3.0&REQUEST=GetMap&BBOX=4.584249999999999936%2C116.5172270000000054%2C21.22970700000000122%2C126.8480870000000067&CRS=EPSG%3A4326&WIDTH=567&HEIGHT=914&LAYERS=PH-GSOC-CORGADSSM2-2021-0-30&STYLES=&FORMAT=image%2Fpng&DPI=96&MAP_RESOLUTION=96&FORMAT_OPTIONS=dpi%3A96&TRANSPARENT=TRUE,http://localhost:8082/?map=/etc/mapserver/PH-GSOC-CORGADSSM2-2021-0-30.map&SERVICE=WMS&VERSION=1.1.1&LAYER=PH-GSOC-CORGADSSM2-2021-0-30&REQUEST=getlegendgraphic&FORMAT=image/png,http://localhost:8082/?map=/etc/mapserver/PH-GSOC-CORGADSSM2-2021-0-30.map&SERVICE=WMS&VERSION=1.3.0&REQUEST=GetFeatureInfo&LAYERS=PH-GSOC-CORGADSSM2-2021-0-30&STYLES=&FORMAT=image%2Fpng&QUERY_LAYERS=PH-GSOC-CORGADSSM2-2021-0-30&INFO_FORMAT=text%2Fhtml&I=282&J=429
Organic Carbon Sequestration Potential,PH-GSOC-CORGADSSM3-2021-0-30,CORGADSSM3,AbsDiff SSM3,tonnes C ha-1 yr-1,0-30,http://localhost:8001/collections/metadata:main/items/32afbc95-ebeb-11ef-bc12-6b4a6fcd8b5e,https://storage.googleapis.com/fao-gismgr-glosis-data/DATA/GLOSIS/MAP/GLOSIS.PH-GSOC-CORGADSSM3-2021.tif,http://localhost:8082/?map=/etc/mapserver/PH-GSOC-CORGADSSM3-2021-0-30.map&SERVICE=WMS&VERSION=1.3.0&REQUEST=GetMap&BBOX=4.584249999999999936%2C116.5172270000000054%2C21.22970700000000122%2C126.8480870000000067&CRS=EPSG%3A4326&WIDTH=567&HEIGHT=914&LAYERS=PH-GSOC-CORGADSSM3-2021-0-30&STYLES=&FORMAT=image%2Fpng&DPI=96&MAP_RESOLUTION=96&FORMAT_OPTIONS=dpi%3A96&TRANSPARENT=TRUE,http://localhost:8082/?map=/etc/mapserver/PH-GSOC-CORGADSSM3-2021-0-30.map&SERVICE=WMS&VERSION=1.1.1&LAYER=PH-GSOC-CORGADSSM3-2021-0-30&REQUEST=getlegendgraphic&FORMAT=image/png,http://localhost:8082/?map=/etc/mapserver/PH-GSOC-CORGADSSM3-2021-0-30.map&SERVICE=WMS&VERSION=1.3.0&REQUEST=GetFeatureInfo&LAYERS=PH-GSOC-CORGADSSM3-2021-0-30&STYLES=&FORMAT=image%2Fpng&QUERY_LAYERS=PH-GSOC-CORGADSSM3-2021-0-30&INFO_FORMAT=text%2Fhtml&I=282&J=429
Organic Carbon Sequestration Potential,PH-GSOC-CORGASRBAU-2021-0-30,CORGASRBAU,ASR Business As Usual (BAU),tonnes C ha-1 yr-1,0-30,http://localhost:8001/collections/metadata:main/items/32afbc9c-ebeb-11ef-bc12-6b4a6fcd8b5e,https://storage.googleapis.com/fao-gismgr-glosis-data/DATA/GLOSIS/MAP/GLOSIS.PH-GSOC-CORGASRBAU-2021.tif,http://localhost:8082/?map=/etc/mapserver/PH-GSOC-CORGASRBAU-2021-0-30.map&SERVICE=WMS&VERSION=1.3.0&REQUEST=GetMap&BBOX=4.584249999999999936%2C116.5172270000000054%2C21.22970700000000122%2C126.8480870000000067&CRS=EPSG%3A4326&WIDTH=567&HEIGHT=914&LAYERS=PH-GSOC-CORGASRBAU-2021-0-30&STYLES=&FORMAT=image%2Fpng&DPI=96&MAP_RESOLUTION=96&FORMAT_OPTIONS=dpi%3A96&TRANSPARENT=TRUE,http://localhost:8082/?map=/etc/mapserver/PH-GSOC-CORGASRBAU-2021-0-30.map&SERVICE=WMS&VERSION=1.1.1&LAYER=PH-GSOC-CORGASRBAU-2021-0-30&REQUEST=getlegendgraphic&FORMAT=image/png,http://localhost:8082/?map=/etc/mapserver/PH-GSOC-CORGASRBAU-2021-0-30.map&SERVICE=WMS&VERSION=1.3.0&REQUEST=GetFeatureInfo&LAYERS=PH-GSOC-CORGASRBAU-2021-0-30&STYLES=&FORMAT=image%2Fpng&QUERY_LAYERS=PH-GSOC-CORGASRBAU-2021-0-30&INFO_FORMAT=text%2Fhtml&I=282&J=429
Organic Carbon Sequestration Potential,PH-GSOC-CORGASRSSM1-2021-0-30,CORGASRSSM1,ASR SSM1,tonnes C ha-1 yr-1,0-30,http://localhost:8001/collections/metadata:main/items/32afbc83-ebeb-11ef-bc12-6b4a6fcd8b5e,https://storage.googleapis.com/fao-gismgr-glosis-data/DATA/GLOSIS/MAP/GLOSIS.PH-GSOC-CORGASRSSM1-2021.tif,http://localhost:8082/?map=/etc/mapserver/PH-GSOC-CORGASRSSM1-2021-0-30.map&SERVICE=WMS&VERSION=1.3.0&REQUEST=GetMap&BBOX=4.584249999999999936%2C116.5172270000000054%2C21.22970700000000122%2C126.8480870000000067&CRS=EPSG%3A4326&WIDTH=567&HEIGHT=914&LAYERS=PH-GSOC-CORGASRSSM1-2021-0-30&STYLES=&FORMAT=image%2Fpng&DPI=96&MAP_RESOLUTION=96&FORMAT_OPTIONS=dpi%3A96&TRANSPARENT=TRUE,http://localhost:8082/?map=/etc/mapserver/PH-GSOC-CORGASRSSM1-2021-0-30.map&SERVICE=WMS&VERSION=1.1.1&LAYER=PH-GSOC-CORGASRSSM1-2021-0-30&REQUEST=getlegendgraphic&FORMAT=image/png,http://localhost:8082/?map=/etc/mapserver/PH-GSOC-CORGASRSSM1-2021-0-30.map&SERVICE=WMS&VERSION=1.3.0&REQUEST=GetFeatureInfo&LAYERS=PH-GSOC-CORGASRSSM1-2021-0-30&STYLES=&FORMAT=image%2Fpng&QUERY_LAYERS=PH-GSOC-CORGASRSSM1-2021-0-30&INFO_FORMAT=text%2Fhtml&I=282&J=429
Organic Carbon Sequestration Potential,PH-GSOC-CORGASRSSM2-2021-0-30,CORGASRSSM2,ASR SSM2,tonnes C ha-1 yr-1,0-30,http://localhost:8001/collections/metadata:main/items/32afbca3-ebeb-11ef-bc12-6b4a6fcd8b5e,https://storage.googleapis.com/fao-gismgr-glosis-data/DATA/GLOSIS/MAP/GLOSIS.PH-GSOC-CORGASRSSM2-2021.tif,http://localhost:8082/?map=/etc/mapserver/PH-GSOC-CORGASRSSM2-2021-0-30.map&SERVICE=WMS&VERSION=1.3.0&REQUEST=GetMap&BBOX=4.584249999999999936%2C116.5172270000000054%2C21.22970700000000122%2C126.8480870000000067&CRS=EPSG%3A4326&WIDTH=567&HEIGHT=914&LAYERS=PH-GSOC-CORGASRSSM2-2021-0-30&STYLES=&FORMAT=image%2Fpng&DPI=96&MAP_RESOLUTION=96&FORMAT_OPTIONS=dpi%3A96&TRANSPARENT=TRUE,http://localhost:8082/?map=/etc/mapserver/PH-GSOC-CORGASRSSM2-2021-0-30.map&SERVICE=WMS&VERSION=1.1.1&LAYER=PH-GSOC-CORGASRSSM2-2021-0-30&REQUEST=getlegendgraphic&FORMAT=image/png,http://localhost:8082/?map=/etc/mapserver/PH-GSOC-CORGASRSSM2-2021-0-30.map&SERVICE=WMS&VERSION=1.3.0&REQUEST=GetFeatureInfo&LAYERS=PH-GSOC-CORGASRSSM2-2021-0-30&STYLES=&FORMAT=image%2Fpng&QUERY_LAYERS=PH-GSOC-CORGASRSSM2-2021-0-30&INFO_FORMAT=text%2Fhtml&I=282&J=429
Organic Carbon Sequestration Potential,PH-GSOC-CORGASRSSM3-2021-0-30,CORGASRSSM3,ASR SSM3,tonnes C ha-1 yr-1,0-30,http://localhost:8001/collections/metadata:main/items/32afbca1-ebeb-11ef-bc12-6b4a6fcd8b5e,https://storage.googleapis.com/fao-gismgr-glosis-data/DATA/GLOSIS/MAP/GLOSIS.PH-GSOC-CORGASRSSM3-2021.tif,http://localhost:8082/?map=/etc/mapserver/PH-GSOC-CORGASRSSM3-2021-0-30.map&SERVICE=WMS&VERSION=1.3.0&REQUEST=GetMap&BBOX=4.584249999999999936%2C116.5172270000000054%2C21.22970700000000122%2C126.8480870000000067&CRS=EPSG%3A4326&WIDTH=567&HEIGHT=914&LAYERS=PH-GSOC-CORGASRSSM3-2021-0-30&STYLES=&FORMAT=image%2Fpng&DPI=96&MAP_RESOLUTION=96&FORMAT_OPTIONS=dpi%3A96&TRANSPARENT=TRUE,http://localhost:8082/?map=/etc/mapserver/PH-GSOC-CORGASRSSM3-2021-0-30.map&SERVICE=WMS&VERSION=1.1.1&LAYER=PH-GSOC-CORGASRSSM3-2021-0-30&REQUEST=getlegendgraphic&FORMAT=image/png,http://localhost:8082/?map=/etc/mapserver/PH-GSOC-CORGASRSSM3-2021-0-30.map&SERVICE=WMS&VERSION=1.3.0&REQUEST=GetFeatureInfo&LAYERS=PH-GSOC-CORGASRSSM3-2021-0-30&STYLES=&FORMAT=image%2Fpng&QUERY_LAYERS=PH-GSOC-CORGASRSSM3-2021-0-30&INFO_FORMAT=text%2Fhtml&I=282&J=429
Organic Carbon Sequestration Potential,PH-GSOC-CORGRDSSM1-2021-0-30,CORGRDSSM1,RelDiff SSM1,tonnes C ha-1 yr-1,0-30,http://localhost:8001/collections/metadata:main/items/32afbc91-ebeb-11ef-bc12-6b4a6fcd8b5e,https://storage.googleapis.com/fao-gismgr-glosis-data/DATA/GLOSIS/MAP/GLOSIS.PH-GSOC-CORGRDSSM1-2021.tif,http://localhost:8082/?map=/etc/mapserver/PH-GSOC-CORGRDSSM1-2021-0-30.map&SERVICE=WMS&VERSION=1.3.0&REQUEST=GetMap&BBOX=4.584249999999999936%2C116.5172270000000054%2C21.22970700000000122%2C126.8480870000000067&CRS=EPSG%3A4326&WIDTH=567&HEIGHT=914&LAYERS=PH-GSOC-CORGRDSSM1-2021-0-30&STYLES=&FORMAT=image%2Fpng&DPI=96&MAP_RESOLUTION=96&FORMAT_OPTIONS=dpi%3A96&TRANSPARENT=TRUE,http://localhost:8082/?map=/etc/mapserver/PH-GSOC-CORGRDSSM1-2021-0-30.map&SERVICE=WMS&VERSION=1.1.1&LAYER=PH-GSOC-CORGRDSSM1-2021-0-30&REQUEST=getlegendgraphic&FORMAT=image/png,http://localhost:8082/?map=/etc/mapserver/PH-GSOC-CORGRDSSM1-2021-0-30.map&SERVICE=WMS&VERSION=1.3.0&REQUEST=GetFeatureInfo&LAYERS=PH-GSOC-CORGRDSSM1-2021-0-30&STYLES=&FORMAT=image%2Fpng&QUERY_LAYERS=PH-GSOC-CORGRDSSM1-2021-0-30&INFO_FORMAT=text%2Fhtml&I=282&J=429
Organic Carbon Sequestration Potential,PH-GSOC-CORGRDSSM2-2021-0-30,CORGRDSSM2,RelDiff SSM2,tonnes C ha-1 yr-1,0-30,http://localhost:8001/collections/metadata:main/items/32afbc7c-ebeb-11ef-bc12-6b4a6fcd8b5e,https://storage.googleapis.com/fao-gismgr-glosis-data/DATA/GLOSIS/MAP/GLOSIS.PH-GSOC-CORGRDSSM2-2021.tif,http://localhost:8082/?map=/etc/mapserver/PH-GSOC-CORGRDSSM2-2021-0-30.map&SERVICE=WMS&VERSION=1.3.0&REQUEST=GetMap&BBOX=4.584249999999999936%2C116.5172270000000054%2C21.22970700000000122%2C126.8480870000000067&CRS=EPSG%3A4326&WIDTH=567&HEIGHT=914&LAYERS=PH-GSOC-CORGRDSSM2-2021-0-30&STYLES=&FORMAT=image%2Fpng&DPI=96&MAP_RESOLUTION=96&FORMAT_OPTIONS=dpi%3A96&TRANSPARENT=TRUE,http://localhost:8082/?map=/etc/mapserver/PH-GSOC-CORGRDSSM2-2021-0-30.map&SERVICE=WMS&VERSION=1.1.1&LAYER=PH-GSOC-CORGRDSSM2-2021-0-30&REQUEST=getlegendgraphic&FORMAT=image/png,http://localhost:8082/?map=/etc/mapserver/PH-GSOC-CORGRDSSM2-2021-0-30.map&SERVICE=WMS&VERSION=1.3.0&REQUEST=GetFeatureInfo&LAYERS=PH-GSOC-CORGRDSSM2-2021-0-30&STYLES=&FORMAT=image%2Fpng&QUERY_LAYERS=PH-GSOC-CORGRDSSM2-2021-0-30&INFO_FORMAT=text%2Fhtml&I=282&J=429
Organic Carbon Sequestration Potential,PH-GSOC-CORGRDSSM3-2021-0-30,CORGRDSSM3,RelDiff SSM3,tonnes C ha-1 yr-1,0-30,http://localhost:8001/collections/metadata:main/items/32afbca9-ebeb-11ef-bc12-6b4a6fcd8b5e,https://storage.googleapis.com/fao-gismgr-glosis-data/DATA/GLOSIS/MAP/GLOSIS.PH-GSOC-CORGRDSSM3-2021.tif,http://localhost:8082/?map=/etc/mapserver/PH-GSOC-CORGRDSSM3-2021-0-30.map&SERVICE=WMS&VERSION=1.3.0&REQUEST=GetMap&BBOX=4.584249999999999936%2C116.5172270000000054%2C21.22970700000000122%2C126.8480870000000067&CRS=EPSG%3A4326&WIDTH=567&HEIGHT=914&LAYERS=PH-GSOC-CORGRDSSM3-2021-0-30&STYLES=&FORMAT=image%2Fpng&DPI=96&MAP_RESOLUTION=96&FORMAT_OPTIONS=dpi%3A96&TRANSPARENT=TRUE,http://localhost:8082/?map=/etc/mapserver/PH-GSOC-CORGRDSSM3-2021-0-30.map&SERVICE=WMS&VERSION=1.1.1&LAYER=PH-GSOC-CORGRDSSM3-2021-0-30&REQUEST=getlegendgraphic&FORMAT=image/png,http://localhost:8082/?map=/etc/mapserver/PH-GSOC-CORGRDSSM3-2021-0-30.map&SERVICE=WMS&VERSION=1.3.0&REQUEST=GetFeatureInfo&LAYERS=PH-GSOC-CORGRDSSM3-2021-0-30&STYLES=&FORMAT=image%2Fpng&QUERY_LAYERS=PH-GSOC-CORGRDSSM3-2021-0-30&INFO_FORMAT=text%2Fhtml&I=282&J=429
Organic Carbon Sequestration Potential,PH-GSOC-CORGRSRSSM1-2021-0-30,CORGRSRSSM1,RSR SSM1,tonnes C ha-1 yr-1,0-30,http://localhost:8001/collections/metadata:main/items/32afbc9e-ebeb-11ef-bc12-6b4a6fcd8b5e,https://storage.googleapis.com/fao-gismgr-glosis-data/DATA/GLOSIS/MAP/GLOSIS.PH-GSOC-CORGRSRSSM1-2021.tif,http://localhost:8082/?map=/etc/mapserver/PH-GSOC-CORGRSRSSM1-2021-0-30.map&SERVICE=WMS&VERSION=1.3.0&REQUEST=GetMap&BBOX=4.584249999999999936%2C116.5172270000000054%2C21.22970700000000122%2C126.8480870000000067&CRS=EPSG%3A4326&WIDTH=567&HEIGHT=914&LAYERS=PH-GSOC-CORGRSRSSM1-2021-0-30&STYLES=&FORMAT=image%2Fpng&DPI=96&MAP_RESOLUTION=96&FORMAT_OPTIONS=dpi%3A96&TRANSPARENT=TRUE,http://localhost:8082/?map=/etc/mapserver/PH-GSOC-CORGRSRSSM1-2021-0-30.map&SERVICE=WMS&VERSION=1.1.1&LAYER=PH-GSOC-CORGRSRSSM1-2021-0-30&REQUEST=getlegendgraphic&FORMAT=image/png,http://localhost:8082/?map=/etc/mapserver/PH-GSOC-CORGRSRSSM1-2021-0-30.map&SERVICE=WMS&VERSION=1.3.0&REQUEST=GetFeatureInfo&LAYERS=PH-GSOC-CORGRSRSSM1-2021-0-30&STYLES=&FORMAT=image%2Fpng&QUERY_LAYERS=PH-GSOC-CORGRSRSSM1-2021-0-30&INFO_FORMAT=text%2Fhtml&I=282&J=429
Organic Carbon Sequestration Potential,PH-GSOC-CORGRSRSSM1U-2021-0-30,CORGRSRSSM1U,RSR SSM1 uncertainty,tonnes C ha-1 yr-1,0-30,http://localhost:8001/collections/metadata:main/items/32afbc89-ebeb-11ef-bc12-6b4a6fcd8b5e,https://storage.googleapis.com/fao-gismgr-glosis-data/DATA/GLOSIS/MAP/GLOSIS.PH-GSOC-CORGRSRSSM1U-2021.tif,http://localhost:8082/?map=/etc/mapserver/PH-GSOC-CORGRSRSSM1U-2021-0-30.map&SERVICE=WMS&VERSION=1.3.0&REQUEST=GetMap&BBOX=4.584249999999999936%2C116.5172270000000054%2C21.22970700000000122%2C126.8480870000000067&CRS=EPSG%3A4326&WIDTH=567&HEIGHT=914&LAYERS=PH-GSOC-CORGRSRSSM1U-2021-0-30&STYLES=&FORMAT=image%2Fpng&DPI=96&MAP_RESOLUTION=96&FORMAT_OPTIONS=dpi%3A96&TRANSPARENT=TRUE,http://localhost:8082/?map=/etc/mapserver/PH-GSOC-CORGRSRSSM1U-2021-0-30.map&SERVICE=WMS&VERSION=1.1.1&LAYER=PH-GSOC-CORGRSRSSM1U-2021-0-30&REQUEST=getlegendgraphic&FORMAT=image/png,http://localhost:8082/?map=/etc/mapserver/PH-GSOC-CORGRSRSSM1U-2021-0-30.map&SERVICE=WMS&VERSION=1.3.0&REQUEST=GetFeatureInfo&LAYERS=PH-GSOC-CORGRSRSSM1U-2021-0-30&STYLES=&FORMAT=image%2Fpng&QUERY_LAYERS=PH-GSOC-CORGRSRSSM1U-2021-0-30&INFO_FORMAT=text%2Fhtml&I=282&J=429
Organic Carbon Sequestration Potential,PH-GSOC-CORGRSRSSM2-2021-0-30,CORGRSRSSM2,RSR SSM2,tonnes C ha-1 yr-1,0-30,http://localhost:8001/collections/metadata:main/items/32afbc8b-ebeb-11ef-bc12-6b4a6fcd8b5e,https://storage.googleapis.com/fao-gismgr-glosis-data/DATA/GLOSIS/MAP/GLOSIS.PH-GSOC-CORGRSRSSM2-2021.tif,http://localhost:8082/?map=/etc/mapserver/PH-GSOC-CORGRSRSSM2-2021-0-30.map&SERVICE=WMS&VERSION=1.3.0&REQUEST=GetMap&BBOX=4.584249999999999936%2C116.5172270000000054%2C21.22970700000000122%2C126.8480870000000067&CRS=EPSG%3A4326&WIDTH=567&HEIGHT=914&LAYERS=PH-GSOC-CORGRSRSSM2-2021-0-30&STYLES=&FORMAT=image%2Fpng&DPI=96&MAP_RESOLUTION=96&FORMAT_OPTIONS=dpi%3A96&TRANSPARENT=TRUE,http://localhost:8082/?map=/etc/mapserver/PH-GSOC-CORGRSRSSM2-2021-0-30.map&SERVICE=WMS&VERSION=1.1.1&LAYER=PH-GSOC-CORGRSRSSM2-2021-0-30&REQUEST=getlegendgraphic&FORMAT=image/png,http://localhost:8082/?map=/etc/mapserver/PH-GSOC-CORGRSRSSM2-2021-0-30.map&SERVICE=WMS&VERSION=1.3.0&REQUEST=GetFeatureInfo&LAYERS=PH-GSOC-CORGRSRSSM2-2021-0-30&STYLES=&FORMAT=image%2Fpng&QUERY_LAYERS=PH-GSOC-CORGRSRSSM2-2021-0-30&INFO_FORMAT=text%2Fhtml&I=282&J=429
Organic Carbon Sequestration Potential,PH-GSOC-CORGRSRSSM2U-2021-0-30,CORGRSRSSM2U,RSR SSM1 uncertainty,tonnes C ha-1 yr-1,0-30,http://localhost:8001/collections/metadata:main/items/32afbcaa-ebeb-11ef-bc12-6b4a6fcd8b5e,https://storage.googleapis.com/fao-gismgr-glosis-data/DATA/GLOSIS/MAP/GLOSIS.PH-GSOC-CORGRSRSSM2U-2021.tif,http://localhost:8082/?map=/etc/mapserver/PH-GSOC-CORGRSRSSM2U-2021-0-30.map&SERVICE=WMS&VERSION=1.3.0&REQUEST=GetMap&BBOX=4.584249999999999936%2C116.5172270000000054%2C21.22970700000000122%2C126.8480870000000067&CRS=EPSG%3A4326&WIDTH=567&HEIGHT=914&LAYERS=PH-GSOC-CORGRSRSSM2U-2021-0-30&STYLES=&FORMAT=image%2Fpng&DPI=96&MAP_RESOLUTION=96&FORMAT_OPTIONS=dpi%3A96&TRANSPARENT=TRUE,http://localhost:8082/?map=/etc/mapserver/PH-GSOC-CORGRSRSSM2U-2021-0-30.map&SERVICE=WMS&VERSION=1.1.1&LAYER=PH-GSOC-CORGRSRSSM2U-2021-0-30&REQUEST=getlegendgraphic&FORMAT=image/png,http://localhost:8082/?map=/etc/mapserver/PH-GSOC-CORGRSRSSM2U-2021-0-30.map&SERVICE=WMS&VERSION=1.3.0&REQUEST=GetFeatureInfo&LAYERS=PH-GSOC-CORGRSRSSM2U-2021-0-30&STYLES=&FORMAT=image%2Fpng&QUERY_LAYERS=PH-GSOC-CORGRSRSSM2U-2021-0-30&INFO_FORMAT=text%2Fhtml&I=282&J=429
Organic Carbon Sequestration Potential,PH-GSOC-CORGRSRSSM3-2021-0-30,CORGRSRSSM3,RSR SSM3,tonnes C ha-1 yr-1,0-30,http://localhost:8001/collections/metadata:main/items/32afbca4-ebeb-11ef-bc12-6b4a6fcd8b5e,https://storage.googleapis.com/fao-gismgr-glosis-data/DATA/GLOSIS/MAP/GLOSIS.PH-GSOC-CORGRSRSSM3-2021.tif,http://localhost:8082/?map=/etc/mapserver/PH-GSOC-CORGRSRSSM3-2021-0-30.map&SERVICE=WMS&VERSION=1.3.0&REQUEST=GetMap&BBOX=4.584249999999999936%2C116.5172270000000054%2C21.22970700000000122%2C126.8480870000000067&CRS=EPSG%3A4326&WIDTH=567&HEIGHT=914&LAYERS=PH-GSOC-CORGRSRSSM3-2021-0-30&STYLES=&FORMAT=image%2Fpng&DPI=96&MAP_RESOLUTION=96&FORMAT_OPTIONS=dpi%3A96&TRANSPARENT=TRUE,http://localhost:8082/?map=/etc/mapserver/PH-GSOC-CORGRSRSSM3-2021-0-30.map&SERVICE=WMS&VERSION=1.1.1&LAYER=PH-GSOC-CORGRSRSSM3-2021-0-30&REQUEST=getlegendgraphic&FORMAT=image/png,http://localhost:8082/?map=/etc/mapserver/PH-GSOC-CORGRSRSSM3-2021-0-30.map&SERVICE=WMS&VERSION=1.3.0&REQUEST=GetFeatureInfo&LAYERS=PH-GSOC-CORGRSRSSM3-2021-0-30&STYLES=&FORMAT=image%2Fpng&QUERY_LAYERS=PH-GSOC-CORGRSRSSM3-2021-0-30&INFO_FORMAT=text%2Fhtml&I=282&J=429
Organic Carbon Sequestration Potential,PH-GSOC-CORGRSRSSM3U-2021-0-30,CORGRSRSSM3U,RSR SSM3 uncertainty,tonnes C ha-1 yr-1,0-30,http://localhost:8001/collections/metadata:main/items/32afbc84-ebeb-11ef-bc12-6b4a6fcd8b5e,https://storage.googleapis.com/fao-gismgr-glosis-data/DATA/GLOSIS/MAP/GLOSIS.PH-GSOC-CORGRSRSSM3U-2021.tif,http://localhost:8082/?map=/etc/mapserver/PH-GSOC-CORGRSRSSM3U-2021-0-30.map&SERVICE=WMS&VERSION=1.3.0&REQUEST=GetMap&BBOX=4.584249999999999936%2C116.5172270000000054%2C21.22970700000000122%2C126.8480870000000067&CRS=EPSG%3A4326&WIDTH=567&HEIGHT=914&LAYERS=PH-GSOC-CORGRSRSSM3U-2021-0-30&STYLES=&FORMAT=image%2Fpng&DPI=96&MAP_RESOLUTION=96&FORMAT_OPTIONS=dpi%3A96&TRANSPARENT=TRUE,http://localhost:8082/?map=/etc/mapserver/PH-GSOC-CORGRSRSSM3U-2021-0-30.map&SERVICE=WMS&VERSION=1.1.1&LAYER=PH-GSOC-CORGRSRSSM3U-2021-0-30&REQUEST=getlegendgraphic&FORMAT=image/png,http://localhost:8082/?map=/etc/mapserver/PH-GSOC-CORGRSRSSM3U-2021-0-30.map&SERVICE=WMS&VERSION=1.3.0&REQUEST=GetFeatureInfo&LAYERS=PH-GSOC-CORGRSRSSM3U-2021-0-30&STYLES=&FORMAT=image%2Fpng&QUERY_LAYERS=PH-GSOC-CORGRSRSSM3U-2021-0-30&INFO_FORMAT=text%2Fhtml&I=282&J=429
Organic Carbon Sequestration Potential,PH-GSOC-CORGSOCBAU-2021-0-30,CORGSOCBAU,SOC Business As Usual (BAU),tonnes C ha-1 yr-1,0-30,http://localhost:8001/collections/metadata:main/items/32afbca0-ebeb-11ef-bc12-6b4a6fcd8b5e,https://storage.googleapis.com/fao-gismgr-glosis-data/DATA/GLOSIS/MAP/GLOSIS.PH-GSOC-CORGSOCBAU-2021.tif,http://localhost:8082/?map=/etc/mapserver/PH-GSOC-CORGSOCBAU-2021-0-30.map&SERVICE=WMS&VERSION=1.3.0&REQUEST=GetMap&BBOX=4.584249999999999936%2C116.5172270000000054%2C21.22970700000000122%2C126.8480870000000067&CRS=EPSG%3A4326&WIDTH=567&HEIGHT=914&LAYERS=PH-GSOC-CORGSOCBAU-2021-0-30&STYLES=&FORMAT=image%2Fpng&DPI=96&MAP_RESOLUTION=96&FORMAT_OPTIONS=dpi%3A96&TRANSPARENT=TRUE,http://localhost:8082/?map=/etc/mapserver/PH-GSOC-CORGSOCBAU-2021-0-30.map&SERVICE=WMS&VERSION=1.1.1&LAYER=PH-GSOC-CORGSOCBAU-2021-0-30&REQUEST=getlegendgraphic&FORMAT=image/png,http://localhost:8082/?map=/etc/mapserver/PH-GSOC-CORGSOCBAU-2021-0-30.map&SERVICE=WMS&VERSION=1.3.0&REQUEST=GetFeatureInfo&LAYERS=PH-GSOC-CORGSOCBAU-2021-0-30&STYLES=&FORMAT=image%2Fpng&QUERY_LAYERS=PH-GSOC-CORGSOCBAU-2021-0-30&INFO_FORMAT=text%2Fhtml&I=282&J=429
Organic Carbon Sequestration Potential,PH-GSOC-CORGSOCSSM1-2021-0-30,CORGSOCSSM1,SOC SSM1,tonnes C ha-1 yr-1,0-30,http://localhost:8001/collections/metadata:main/items/32afbc99-ebeb-11ef-bc12-6b4a6fcd8b5e,https://storage.googleapis.com/fao-gismgr-glosis-data/DATA/GLOSIS/MAP/GLOSIS.PH-GSOC-CORGSOCSSM1-2021.tif,http://localhost:8082/?map=/etc/mapserver/PH-GSOC-CORGSOCSSM1-2021-0-30.map&SERVICE=WMS&VERSION=1.3.0&REQUEST=GetMap&BBOX=4.584249999999999936%2C116.5172270000000054%2C21.22970700000000122%2C126.8480870000000067&CRS=EPSG%3A4326&WIDTH=567&HEIGHT=914&LAYERS=PH-GSOC-CORGSOCSSM1-2021-0-30&STYLES=&FORMAT=image%2Fpng&DPI=96&MAP_RESOLUTION=96&FORMAT_OPTIONS=dpi%3A96&TRANSPARENT=TRUE,http://localhost:8082/?map=/etc/mapserver/PH-GSOC-CORGSOCSSM1-2021-0-30.map&SERVICE=WMS&VERSION=1.1.1&LAYER=PH-GSOC-CORGSOCSSM1-2021-0-30&REQUEST=getlegendgraphic&FORMAT=image/png,http://localhost:8082/?map=/etc/mapserver/PH-GSOC-CORGSOCSSM1-2021-0-30.map&SERVICE=WMS&VERSION=1.3.0&REQUEST=GetFeatureInfo&LAYERS=PH-GSOC-CORGSOCSSM1-2021-0-30&STYLES=&FORMAT=image%2Fpng&QUERY_LAYERS=PH-GSOC-CORGSOCSSM1-2021-0-30&INFO_FORMAT=text%2Fhtml&I=282&J=429
Organic Carbon Sequestration Potential,PH-GSOC-CORGSOCSSM2-2021-0-30,CORGSOCSSM2,SOC SSM2,tonnes C ha-1 yr-1,0-30,http://localhost:8001/collections/metadata:main/items/32afbc9a-ebeb-11ef-bc12-6b4a6fcd8b5e,https://storage.googleapis.com/fao-gismgr-glosis-data/DATA/GLOSIS/MAP/GLOSIS.PH-GSOC-CORGSOCSSM2-2021.tif,http://localhost:8082/?map=/etc/mapserver/PH-GSOC-CORGSOCSSM2-2021-0-30.map&SERVICE=WMS&VERSION=1.3.0&REQUEST=GetMap&BBOX=4.584249999999999936%2C116.5172270000000054%2C21.22970700000000122%2C126.8480870000000067&CRS=EPSG%3A4326&WIDTH=567&HEIGHT=914&LAYERS=PH-GSOC-CORGSOCSSM2-2021-0-30&STYLES=&FORMAT=image%2Fpng&DPI=96&MAP_RESOLUTION=96&FORMAT_OPTIONS=dpi%3A96&TRANSPARENT=TRUE,http://localhost:8082/?map=/etc/mapserver/PH-GSOC-CORGSOCSSM2-2021-0-30.map&SERVICE=WMS&VERSION=1.1.1&LAYER=PH-GSOC-CORGSOCSSM2-2021-0-30&REQUEST=getlegendgraphic&FORMAT=image/png,http://localhost:8082/?map=/etc/mapserver/PH-GSOC-CORGSOCSSM2-2021-0-30.map&SERVICE=WMS&VERSION=1.3.0&REQUEST=GetFeatureInfo&LAYERS=PH-GSOC-CORGSOCSSM2-2021-0-30&STYLES=&FORMAT=image%2Fpng&QUERY_LAYERS=PH-GSOC-CORGSOCSSM2-2021-0-30&INFO_FORMAT=text%2Fhtml&I=282&J=429
Organic Carbon Sequestration Potential,PH-GSOC-CORGSOCSSM3-2021-0-30,CORGSOCSSM3,SOC SSM3,tonnes C ha-1 yr-1,0-30,http://localhost:8001/collections/metadata:main/items/32afbca8-ebeb-11ef-bc12-6b4a6fcd8b5e,https://storage.googleapis.com/fao-gismgr-glosis-data/DATA/GLOSIS/MAP/GLOSIS.PH-GSOC-CORGSOCSSM3-2021.tif,http://localhost:8082/?map=/etc/mapserver/PH-GSOC-CORGSOCSSM3-2021-0-30.map&SERVICE=WMS&VERSION=1.3.0&REQUEST=GetMap&BBOX=4.584249999999999936%2C116.5172270000000054%2C21.22970700000000122%2C126.8480870000000067&CRS=EPSG%3A4326&WIDTH=567&HEIGHT=914&LAYERS=PH-GSOC-CORGSOCSSM3-2021-0-30&STYLES=&FORMAT=image%2Fpng&DPI=96&MAP_RESOLUTION=96&FORMAT_OPTIONS=dpi%3A96&TRANSPARENT=TRUE,http://localhost:8082/?map=/etc/mapserver/PH-GSOC-CORGSOCSSM3-2021-0-30.map&SERVICE=WMS&VERSION=1.1.1&LAYER=PH-GSOC-CORGSOCSSM3-2021-0-30&REQUEST=getlegendgraphic&FORMAT=image/png,http://localhost:8082/?map=/etc/mapserver/PH-GSOC-CORGSOCSSM3-2021-0-30.map&SERVICE=WMS&VERSION=1.3.0&REQUEST=GetFeatureInfo&LAYERS=PH-GSOC-CORGSOCSSM3-2021-0-30&STYLES=&FORMAT=image%2Fpng&QUERY_LAYERS=PH-GSOC-CORGSOCSSM3-2021-0-30&INFO_FORMAT=text%2Fhtml&I=282&J=429
Organic Carbon Sequestration Potential,PH-GSOC-CORGSSMU-2021-0-30,CORGSSMU,SSM uncertainty,tonnes C ha-1 yr-1,0-30,http://localhost:8001/collections/metadata:main/items/32afbc9d-ebeb-11ef-bc12-6b4a6fcd8b5e,https://storage.googleapis.com/fao-gismgr-glosis-data/DATA/GLOSIS/MAP/GLOSIS.PH-GSOC-CORGSSMU-2021.tif,http://localhost:8082/?map=/etc/mapserver/PH-GSOC-CORGSSMU-2021-0-30.map&SERVICE=WMS&VERSION=1.3.0&REQUEST=GetMap&BBOX=4.584249999999999936%2C116.5172270000000054%2C21.22970700000000122%2C126.8480870000000067&CRS=EPSG%3A4326&WIDTH=567&HEIGHT=914&LAYERS=PH-GSOC-CORGSSMU-2021-0-30&STYLES=&FORMAT=image%2Fpng&DPI=96&MAP_RESOLUTION=96&FORMAT_OPTIONS=dpi%3A96&TRANSPARENT=TRUE,http://localhost:8082/?map=/etc/mapserver/PH-GSOC-CORGSSMU-2021-0-30.map&SERVICE=WMS&VERSION=1.1.1&LAYER=PH-GSOC-CORGSSMU-2021-0-30&REQUEST=getlegendgraphic&FORMAT=image/png,http://localhost:8082/?map=/etc/mapserver/PH-GSOC-CORGSSMU-2021-0-30.map&SERVICE=WMS&VERSION=1.3.0&REQUEST=GetFeatureInfo&LAYERS=PH-GSOC-CORGSSMU-2021-0-30&STYLES=&FORMAT=image%2Fpng&QUERY_LAYERS=PH-GSOC-CORGSSMU-2021-0-30&INFO_FORMAT=text%2Fhtml&I=282&J=429
Organic Carbon Sequestration Potential,PH-GSOC-CORGT0-2021-0-30,CORGT0,Time Zero (TO),tonnes C ha-1 yr-1,0-30,http://localhost:8001/collections/metadata:main/items/32afbc7d-ebeb-11ef-bc12-6b4a6fcd8b5e,https://storage.googleapis.com/fao-gismgr-glosis-data/DATA/GLOSIS/MAP/GLOSIS.PH-GSOC-CORGT0-2021.tif,http://localhost:8082/?map=/etc/mapserver/PH-GSOC-CORGT0-2021-0-30.map&SERVICE=WMS&VERSION=1.3.0&REQUEST=GetMap&BBOX=4.584249999999999936%2C116.5172270000000054%2C21.22970700000000122%2C126.8480870000000067&CRS=EPSG%3A4326&WIDTH=567&HEIGHT=914&LAYERS=PH-GSOC-CORGT0-2021-0-30&STYLES=&FORMAT=image%2Fpng&DPI=96&MAP_RESOLUTION=96&FORMAT_OPTIONS=dpi%3A96&TRANSPARENT=TRUE,http://localhost:8082/?map=/etc/mapserver/PH-GSOC-CORGT0-2021-0-30.map&SERVICE=WMS&VERSION=1.1.1&LAYER=PH-GSOC-CORGT0-2021-0-30&REQUEST=getlegendgraphic&FORMAT=image/png,http://localhost:8082/?map=/etc/mapserver/PH-GSOC-CORGT0-2021-0-30.map&SERVICE=WMS&VERSION=1.3.0&REQUEST=GetFeatureInfo&LAYERS=PH-GSOC-CORGT0-2021-0-30&STYLES=&FORMAT=image%2Fpng&QUERY_LAYERS=PH-GSOC-CORGT0-2021-0-30&INFO_FORMAT=text%2Fhtml&I=282&J=429
Soil Profiles,PH-random_points,profiles,Soil profiles,,,http://localhost:8001/collections/metadata:main/items/00aaaa0a-ebeb-11ef-bc12-6b4a6fcd8b5e,https://storage.googleapis.com/fao-gismgr-glosis-data/DATA/GLOSIS/MAP/GLOSIS.PH-profiles.csv,http://localhost:8082?map=/etc/mapserver/PH-random_points.map&SERVICE=WMS&VERSION=1.3.0&REQUEST=GetMap&BBOX=1.166260000000000074%2C116.6146860695027954%2C23.85647567931255963%2C127.1063589999999976&CRS=EPSG%3A4326&WIDTH=549&HEIGHT=1186&LAYERS=PH-random_points&STYLES=&FORMAT=image%2Fpng&DPI=96&MAP_RESOLUTION=96&FORMAT_OPTIONS=dpi%3A96&TRANSPARENT=TRUE,http://localhost:8082/?map=/etc/mapserver/PH-random_points.map&SERVICE=WMS&VERSION=1.1.1&LAYER=PH-random_points&REQUEST=getlegendgraphic&FORMAT=image/png,http://localhost:8082/?map=/etc/mapserver/PH-random_points.map&SERVICE=WMS&VERSION=1.3.0&REQUEST=GetFeatureInfo&LAYERS=PH-random_points&STYLES=&FORMAT=image%2Fpng&QUERY_LAYERS=PH-random_points&INFO_FORMAT=text%2Fhtml&I=282&J=429
