project_id,project_name,layer_id,publish,property_name,dimension,version,unit_of_measure_id,metadata_url,download_url,get_map_url,get_legend_url,get_feature_info_url
GSNM,Global Soil Nutrients Map,BT-GSNM-BASAT-2024-0-30-MEAN,TRUE,Base saturation,0-30-MEAN,2024-03-28,%,http://localhost:8001/collections/metadata:main/items/feb7f9da-9557-11f0-bd5f-770c6be09b44,https://storage.googleapis.com/fao-gismgr-glosis-data/DATA/GLOSIS/MAPSET/BT-GSNM-BASAT-2024/GLOSIS.BT-GSNM-BASAT-2024.D-0-30.D-MEAN.tif,http://localhost:8082/?map=/etc/mapserver/BT-GSNM-BASAT-2024-0-30-MEAN.map&SERVICE=WMS&VERSION=1.3.0&REQUEST=GetMap&BBOX=4.584249999999999936%2C116.5172270000000054%2C21.22970700000000122%2C126.8480870000000067&CRS=EPSG%3A4326&WIDTH=567&HEIGHT=914&LAYERS=BT-GSNM-BASAT-2024-0-30-MEAN&STYLES=&FORMAT=image%2Fpng&DPI=96&MAP_RESOLUTION=96&FORMAT_OPTIONS=dpi%3A96&TRANSPARENT=TRUE,http://localhost:8082/?map=/etc/mapserver/BT-GSNM-BASAT-2024-0-30-MEAN.map&SERVICE=WMS&VERSION=1.1.1&LAYER=BT-GSNM-BASAT-2024-0-30-MEAN&REQUEST=getlegendgraphic&FORMAT=image/png,http://localhost:8082/?map=/etc/mapserver/BT-GSNM-BASAT-2024-0-30-MEAN.map&SERVICE=WMS&VERSION=1.3.0&REQUEST=GetFeatureInfo&LAYERS=BT-GSNM-BASAT-2024-0-30-MEAN&STYLES=&FORMAT=image%2Fpng&QUERY_LAYERS=BT-GSNM-BASAT-2024-0-30-MEAN&INFO_FORMAT=text%2Fhtml&I=282&J=429
GSNM,Global Soil Nutrients Map,BT-GSNM-BASAT-2024-0-30-SDEV,TRUE,Base saturation,0-30-SDEV,2024-03-28,%,http://localhost:8001/collections/metadata:main/items/feb7f9da-9557-11f0-bd5f-770c6be09b44,https://storage.googleapis.com/fao-gismgr-glosis-data/DATA/GLOSIS/MAPSET/BT-GSNM-BASAT-2024/GLOSIS.BT-GSNM-BASAT-2024.D-0-30.D-SDEV.tif,http://localhost:8082/?map=/etc/mapserver/BT-GSNM-BASAT-2024-0-30-SDEV.map&SERVICE=WMS&VERSION=1.3.0&REQUEST=GetMap&BBOX=4.584249999999999936%2C116.5172270000000054%2C21.22970700000000122%2C126.8480870000000067&CRS=EPSG%3A4326&WIDTH=567&HEIGHT=914&LAYERS=BT-GSNM-BASAT-2024-0-30-SDEV&STYLES=&FORMAT=image%2Fpng&DPI=96&MAP_RESOLUTION=96&FORMAT_OPTIONS=dpi%3A96&TRANSPARENT=TRUE,http://localhost:8082/?map=/etc/mapserver/BT-GSNM-BASAT-2024-0-30-SDEV.map&SERVICE=WMS&VERSION=1.1.1&LAYER=BT-GSNM-BASAT-2024-0-30-SDEV&REQUEST=getlegendgraphic&FORMAT=image/png,http://localhost:8082/?map=/etc/mapserver/BT-GSNM-BASAT-2024-0-30-SDEV.map&SERVICE=WMS&VERSION=1.3.0&REQUEST=GetFeatureInfo&LAYERS=BT-GSNM-BASAT-2024-0-30-SDEV&STYLES=&FORMAT=image%2Fpng&QUERY_LAYERS=BT-GSNM-BASAT-2024-0-30-SDEV&INFO_FORMAT=text%2Fhtml&I=282&J=429
GSNM,Global Soil Nutrients Map,BT-GSNM-BKD-2024-0-30-MEAN,TRUE,Bulk density,0-30-MEAN,2024-03-28,kg/dm³,http://localhost:8001/collections/metadata:main/items/feb7f9cc-9557-11f0-bd5f-770c6be09b44,https://storage.googleapis.com/fao-gismgr-glosis-data/DATA/GLOSIS/MAPSET/BT-GSNM-BKD-2024/GLOSIS.BT-GSNM-BKD-2024.D-0-30.D-MEAN.tif,http://localhost:8082/?map=/etc/mapserver/BT-GSNM-BKD-2024-0-30-MEAN.map&SERVICE=WMS&VERSION=1.3.0&REQUEST=GetMap&BBOX=4.584249999999999936%2C116.5172270000000054%2C21.22970700000000122%2C126.8480870000000067&CRS=EPSG%3A4326&WIDTH=567&HEIGHT=914&LAYERS=BT-GSNM-BKD-2024-0-30-MEAN&STYLES=&FORMAT=image%2Fpng&DPI=96&MAP_RESOLUTION=96&FORMAT_OPTIONS=dpi%3A96&TRANSPARENT=TRUE,http://localhost:8082/?map=/etc/mapserver/BT-GSNM-BKD-2024-0-30-MEAN.map&SERVICE=WMS&VERSION=1.1.1&LAYER=BT-GSNM-BKD-2024-0-30-MEAN&REQUEST=getlegendgraphic&FORMAT=image/png,http://localhost:8082/?map=/etc/mapserver/BT-GSNM-BKD-2024-0-30-MEAN.map&SERVICE=WMS&VERSION=1.3.0&REQUEST=GetFeatureInfo&LAYERS=BT-GSNM-BKD-2024-0-30-MEAN&STYLES=&FORMAT=image%2Fpng&QUERY_LAYERS=BT-GSNM-BKD-2024-0-30-MEAN&INFO_FORMAT=text%2Fhtml&I=282&J=429
GSNM,Global Soil Nutrients Map,BT-GSNM-BKD-2024-0-30-SDEV,TRUE,Bulk density,0-30-SDEV,2024-03-28,kg/dm³,http://localhost:8001/collections/metadata:main/items/feb7f9cc-9557-11f0-bd5f-770c6be09b44,https://storage.googleapis.com/fao-gismgr-glosis-data/DATA/GLOSIS/MAPSET/BT-GSNM-BKD-2024/GLOSIS.BT-GSNM-BKD-2024.D-0-30.D-SDEV.tif,http://localhost:8082/?map=/etc/mapserver/BT-GSNM-BKD-2024-0-30-SDEV.map&SERVICE=WMS&VERSION=1.3.0&REQUEST=GetMap&BBOX=4.584249999999999936%2C116.5172270000000054%2C21.22970700000000122%2C126.8480870000000067&CRS=EPSG%3A4326&WIDTH=567&HEIGHT=914&LAYERS=BT-GSNM-BKD-2024-0-30-SDEV&STYLES=&FORMAT=image%2Fpng&DPI=96&MAP_RESOLUTION=96&FORMAT_OPTIONS=dpi%3A96&TRANSPARENT=TRUE,http://localhost:8082/?map=/etc/mapserver/BT-GSNM-BKD-2024-0-30-SDEV.map&SERVICE=WMS&VERSION=1.1.1&LAYER=BT-GSNM-BKD-2024-0-30-SDEV&REQUEST=getlegendgraphic&FORMAT=image/png,http://localhost:8082/?map=/etc/mapserver/BT-GSNM-BKD-2024-0-30-SDEV.map&SERVICE=WMS&VERSION=1.3.0&REQUEST=GetFeatureInfo&LAYERS=BT-GSNM-BKD-2024-0-30-SDEV&STYLES=&FORMAT=image%2Fpng&QUERY_LAYERS=BT-GSNM-BKD-2024-0-30-SDEV&INFO_FORMAT=text%2Fhtml&I=282&J=429
GSNM,Global Soil Nutrients Map,BT-GSNM-BSEXC-2024-0-30-MEAN,TRUE,Bases - exchangeable,0-30-MEAN,2024-03-28,cmol/kg,http://localhost:8001/collections/metadata:main/items/feb7f9bd-9557-11f0-bd5f-770c6be09b44,https://storage.googleapis.com/fao-gismgr-glosis-data/DATA/GLOSIS/MAPSET/BT-GSNM-BSEXC-2024/GLOSIS.BT-GSNM-BSEXC-2024.D-0-30.D-MEAN.tif,http://localhost:8082/?map=/etc/mapserver/BT-GSNM-BSEXC-2024-0-30-MEAN.map&SERVICE=WMS&VERSION=1.3.0&REQUEST=GetMap&BBOX=4.584249999999999936%2C116.5172270000000054%2C21.22970700000000122%2C126.8480870000000067&CRS=EPSG%3A4326&WIDTH=567&HEIGHT=914&LAYERS=BT-GSNM-BSEXC-2024-0-30-MEAN&STYLES=&FORMAT=image%2Fpng&DPI=96&MAP_RESOLUTION=96&FORMAT_OPTIONS=dpi%3A96&TRANSPARENT=TRUE,http://localhost:8082/?map=/etc/mapserver/BT-GSNM-BSEXC-2024-0-30-MEAN.map&SERVICE=WMS&VERSION=1.1.1&LAYER=BT-GSNM-BSEXC-2024-0-30-MEAN&REQUEST=getlegendgraphic&FORMAT=image/png,http://localhost:8082/?map=/etc/mapserver/BT-GSNM-BSEXC-2024-0-30-MEAN.map&SERVICE=WMS&VERSION=1.3.0&REQUEST=GetFeatureInfo&LAYERS=BT-GSNM-BSEXC-2024-0-30-MEAN&STYLES=&FORMAT=image%2Fpng&QUERY_LAYERS=BT-GSNM-BSEXC-2024-0-30-MEAN&INFO_FORMAT=text%2Fhtml&I=282&J=429
GSNM,Global Soil Nutrients Map,BT-GSNM-BSEXC-2024-0-30-SDEV,TRUE,Bases - exchangeable,0-30-SDEV,2024-03-28,cmol/kg,http://localhost:8001/collections/metadata:main/items/feb7f9bd-9557-11f0-bd5f-770c6be09b44,https://storage.googleapis.com/fao-gismgr-glosis-data/DATA/GLOSIS/MAPSET/BT-GSNM-BSEXC-2024/GLOSIS.BT-GSNM-BSEXC-2024.D-0-30.D-SDEV.tif,http://localhost:8082/?map=/etc/mapserver/BT-GSNM-BSEXC-2024-0-30-SDEV.map&SERVICE=WMS&VERSION=1.3.0&REQUEST=GetMap&BBOX=4.584249999999999936%2C116.5172270000000054%2C21.22970700000000122%2C126.8480870000000067&CRS=EPSG%3A4326&WIDTH=567&HEIGHT=914&LAYERS=BT-GSNM-BSEXC-2024-0-30-SDEV&STYLES=&FORMAT=image%2Fpng&DPI=96&MAP_RESOLUTION=96&FORMAT_OPTIONS=dpi%3A96&TRANSPARENT=TRUE,http://localhost:8082/?map=/etc/mapserver/BT-GSNM-BSEXC-2024-0-30-SDEV.map&SERVICE=WMS&VERSION=1.1.1&LAYER=BT-GSNM-BSEXC-2024-0-30-SDEV&REQUEST=getlegendgraphic&FORMAT=image/png,http://localhost:8082/?map=/etc/mapserver/BT-GSNM-BSEXC-2024-0-30-SDEV.map&SERVICE=WMS&VERSION=1.3.0&REQUEST=GetFeatureInfo&LAYERS=BT-GSNM-BSEXC-2024-0-30-SDEV&STYLES=&FORMAT=image%2Fpng&QUERY_LAYERS=BT-GSNM-BSEXC-2024-0-30-SDEV&INFO_FORMAT=text%2Fhtml&I=282&J=429
GSNM,Global Soil Nutrients Map,BT-GSNM-CAEXC-2024-0-30-MEAN,TRUE,Calcium (Ca++) - exchangeable,0-30-MEAN,2024-03-28,cmol/kg,http://localhost:8001/collections/metadata:main/items/feb7f9c2-9557-11f0-bd5f-770c6be09b44,https://storage.googleapis.com/fao-gismgr-glosis-data/DATA/GLOSIS/MAPSET/BT-GSNM-CAEXC-2024/GLOSIS.BT-GSNM-CAEXC-2024.D-0-30.D-MEAN.tif,http://localhost:8082/?map=/etc/mapserver/BT-GSNM-CAEXC-2024-0-30-MEAN.map&SERVICE=WMS&VERSION=1.3.0&REQUEST=GetMap&BBOX=4.584249999999999936%2C116.5172270000000054%2C21.22970700000000122%2C126.8480870000000067&CRS=EPSG%3A4326&WIDTH=567&HEIGHT=914&LAYERS=BT-GSNM-CAEXC-2024-0-30-MEAN&STYLES=&FORMAT=image%2Fpng&DPI=96&MAP_RESOLUTION=96&FORMAT_OPTIONS=dpi%3A96&TRANSPARENT=TRUE,http://localhost:8082/?map=/etc/mapserver/BT-GSNM-CAEXC-2024-0-30-MEAN.map&SERVICE=WMS&VERSION=1.1.1&LAYER=BT-GSNM-CAEXC-2024-0-30-MEAN&REQUEST=getlegendgraphic&FORMAT=image/png,http://localhost:8082/?map=/etc/mapserver/BT-GSNM-CAEXC-2024-0-30-MEAN.map&SERVICE=WMS&VERSION=1.3.0&REQUEST=GetFeatureInfo&LAYERS=BT-GSNM-CAEXC-2024-0-30-MEAN&STYLES=&FORMAT=image%2Fpng&QUERY_LAYERS=BT-GSNM-CAEXC-2024-0-30-MEAN&INFO_FORMAT=text%2Fhtml&I=282&J=429
GSNM,Global Soil Nutrients Map,BT-GSNM-CAEXC-2024-0-30-SDEV,TRUE,Calcium (Ca++) - exchangeable,0-30-SDEV,2024-03-28,cmol/kg,http://localhost:8001/collections/metadata:main/items/feb7f9c2-9557-11f0-bd5f-770c6be09b44,https://storage.googleapis.com/fao-gismgr-glosis-data/DATA/GLOSIS/MAPSET/BT-GSNM-CAEXC-2024/GLOSIS.BT-GSNM-CAEXC-2024.D-0-30.D-SDEV.tif,http://localhost:8082/?map=/etc/mapserver/BT-GSNM-CAEXC-2024-0-30-SDEV.map&SERVICE=WMS&VERSION=1.3.0&REQUEST=GetMap&BBOX=4.584249999999999936%2C116.5172270000000054%2C21.22970700000000122%2C126.8480870000000067&CRS=EPSG%3A4326&WIDTH=567&HEIGHT=914&LAYERS=BT-GSNM-CAEXC-2024-0-30-SDEV&STYLES=&FORMAT=image%2Fpng&DPI=96&MAP_RESOLUTION=96&FORMAT_OPTIONS=dpi%3A96&TRANSPARENT=TRUE,http://localhost:8082/?map=/etc/mapserver/BT-GSNM-CAEXC-2024-0-30-SDEV.map&SERVICE=WMS&VERSION=1.1.1&LAYER=BT-GSNM-CAEXC-2024-0-30-SDEV&REQUEST=getlegendgraphic&FORMAT=image/png,http://localhost:8082/?map=/etc/mapserver/BT-GSNM-CAEXC-2024-0-30-SDEV.map&SERVICE=WMS&VERSION=1.3.0&REQUEST=GetFeatureInfo&LAYERS=BT-GSNM-CAEXC-2024-0-30-SDEV&STYLES=&FORMAT=image%2Fpng&QUERY_LAYERS=BT-GSNM-CAEXC-2024-0-30-SDEV&INFO_FORMAT=text%2Fhtml&I=282&J=429
GSNM,Global Soil Nutrients Map,BT-GSNM-CEC-2024-0-30-MEAN,TRUE,Cation exchange capacity,0-30-MEAN,2024-03-28,cmol/kg,http://localhost:8001/collections/metadata:main/items/feb7f9c4-9557-11f0-bd5f-770c6be09b44,https://storage.googleapis.com/fao-gismgr-glosis-data/DATA/GLOSIS/MAPSET/BT-GSNM-CEC-2024/GLOSIS.BT-GSNM-CEC-2024.D-0-30.D-MEAN.tif,http://localhost:8082/?map=/etc/mapserver/BT-GSNM-CEC-2024-0-30-MEAN.map&SERVICE=WMS&VERSION=1.3.0&REQUEST=GetMap&BBOX=4.584249999999999936%2C116.5172270000000054%2C21.22970700000000122%2C126.8480870000000067&CRS=EPSG%3A4326&WIDTH=567&HEIGHT=914&LAYERS=BT-GSNM-CEC-2024-0-30-MEAN&STYLES=&FORMAT=image%2Fpng&DPI=96&MAP_RESOLUTION=96&FORMAT_OPTIONS=dpi%3A96&TRANSPARENT=TRUE,http://localhost:8082/?map=/etc/mapserver/BT-GSNM-CEC-2024-0-30-MEAN.map&SERVICE=WMS&VERSION=1.1.1&LAYER=BT-GSNM-CEC-2024-0-30-MEAN&REQUEST=getlegendgraphic&FORMAT=image/png,http://localhost:8082/?map=/etc/mapserver/BT-GSNM-CEC-2024-0-30-MEAN.map&SERVICE=WMS&VERSION=1.3.0&REQUEST=GetFeatureInfo&LAYERS=BT-GSNM-CEC-2024-0-30-MEAN&STYLES=&FORMAT=image%2Fpng&QUERY_LAYERS=BT-GSNM-CEC-2024-0-30-MEAN&INFO_FORMAT=text%2Fhtml&I=282&J=429
GSNM,Global Soil Nutrients Map,BT-GSNM-CEC-2024-0-30-SDEV,TRUE,Cation exchange capacity,0-30-SDEV,2024-03-28,cmol/kg,http://localhost:8001/collections/metadata:main/items/feb7f9c4-9557-11f0-bd5f-770c6be09b44,https://storage.googleapis.com/fao-gismgr-glosis-data/DATA/GLOSIS/MAPSET/BT-GSNM-CEC-2024/GLOSIS.BT-GSNM-CEC-2024.D-0-30.D-SDEV.tif,http://localhost:8082/?map=/etc/mapserver/BT-GSNM-CEC-2024-0-30-SDEV.map&SERVICE=WMS&VERSION=1.3.0&REQUEST=GetMap&BBOX=4.584249999999999936%2C116.5172270000000054%2C21.22970700000000122%2C126.8480870000000067&CRS=EPSG%3A4326&WIDTH=567&HEIGHT=914&LAYERS=BT-GSNM-CEC-2024-0-30-SDEV&STYLES=&FORMAT=image%2Fpng&DPI=96&MAP_RESOLUTION=96&FORMAT_OPTIONS=dpi%3A96&TRANSPARENT=TRUE,http://localhost:8082/?map=/etc/mapserver/BT-GSNM-CEC-2024-0-30-SDEV.map&SERVICE=WMS&VERSION=1.1.1&LAYER=BT-GSNM-CEC-2024-0-30-SDEV&REQUEST=getlegendgraphic&FORMAT=image/png,http://localhost:8082/?map=/etc/mapserver/BT-GSNM-CEC-2024-0-30-SDEV.map&SERVICE=WMS&VERSION=1.3.0&REQUEST=GetFeatureInfo&LAYERS=BT-GSNM-CEC-2024-0-30-SDEV&STYLES=&FORMAT=image%2Fpng&QUERY_LAYERS=BT-GSNM-CEC-2024-0-30-SDEV&INFO_FORMAT=text%2Fhtml&I=282&J=429
GSNM,Global Soil Nutrients Map,BT-GSNM-CFRAGF-2024-0-30-MEAN,TRUE,Coarse fragments - field class,0-30-MEAN,2024-03-28,%,http://localhost:8001/collections/metadata:main/items/feb7f9ca-9557-11f0-bd5f-770c6be09b44,https://storage.googleapis.com/fao-gismgr-glosis-data/DATA/GLOSIS/MAPSET/BT-GSNM-CFRAGF-2024/GLOSIS.BT-GSNM-CFRAGF-2024.D-0-30.D-MEAN.tif,http://localhost:8082/?map=/etc/mapserver/BT-GSNM-CFRAGF-2024-0-30-MEAN.map&SERVICE=WMS&VERSION=1.3.0&REQUEST=GetMap&BBOX=4.584249999999999936%2C116.5172270000000054%2C21.22970700000000122%2C126.8480870000000067&CRS=EPSG%3A4326&WIDTH=567&HEIGHT=914&LAYERS=BT-GSNM-CFRAGF-2024-0-30-MEAN&STYLES=&FORMAT=image%2Fpng&DPI=96&MAP_RESOLUTION=96&FORMAT_OPTIONS=dpi%3A96&TRANSPARENT=TRUE,http://localhost:8082/?map=/etc/mapserver/BT-GSNM-CFRAGF-2024-0-30-MEAN.map&SERVICE=WMS&VERSION=1.1.1&LAYER=BT-GSNM-CFRAGF-2024-0-30-MEAN&REQUEST=getlegendgraphic&FORMAT=image/png,http://localhost:8082/?map=/etc/mapserver/BT-GSNM-CFRAGF-2024-0-30-MEAN.map&SERVICE=WMS&VERSION=1.3.0&REQUEST=GetFeatureInfo&LAYERS=BT-GSNM-CFRAGF-2024-0-30-MEAN&STYLES=&FORMAT=image%2Fpng&QUERY_LAYERS=BT-GSNM-CFRAGF-2024-0-30-MEAN&INFO_FORMAT=text%2Fhtml&I=282&J=429
GSNM,Global Soil Nutrients Map,BT-GSNM-CFRAGF-2024-0-30-SDEV,TRUE,Coarse fragments - field class,0-30-SDEV,2024-03-28,%,http://localhost:8001/collections/metadata:main/items/feb7f9ca-9557-11f0-bd5f-770c6be09b44,https://storage.googleapis.com/fao-gismgr-glosis-data/DATA/GLOSIS/MAPSET/BT-GSNM-CFRAGF-2024/GLOSIS.BT-GSNM-CFRAGF-2024.D-0-30.D-SDEV.tif,http://localhost:8082/?map=/etc/mapserver/BT-GSNM-CFRAGF-2024-0-30-SDEV.map&SERVICE=WMS&VERSION=1.3.0&REQUEST=GetMap&BBOX=4.584249999999999936%2C116.5172270000000054%2C21.22970700000000122%2C126.8480870000000067&CRS=EPSG%3A4326&WIDTH=567&HEIGHT=914&LAYERS=BT-GSNM-CFRAGF-2024-0-30-SDEV&STYLES=&FORMAT=image%2Fpng&DPI=96&MAP_RESOLUTION=96&FORMAT_OPTIONS=dpi%3A96&TRANSPARENT=TRUE,http://localhost:8082/?map=/etc/mapserver/BT-GSNM-CFRAGF-2024-0-30-SDEV.map&SERVICE=WMS&VERSION=1.1.1&LAYER=BT-GSNM-CFRAGF-2024-0-30-SDEV&REQUEST=getlegendgraphic&FORMAT=image/png,http://localhost:8082/?map=/etc/mapserver/BT-GSNM-CFRAGF-2024-0-30-SDEV.map&SERVICE=WMS&VERSION=1.3.0&REQUEST=GetFeatureInfo&LAYERS=BT-GSNM-CFRAGF-2024-0-30-SDEV&STYLES=&FORMAT=image%2Fpng&QUERY_LAYERS=BT-GSNM-CFRAGF-2024-0-30-SDEV&INFO_FORMAT=text%2Fhtml&I=282&J=429
GSNM,Global Soil Nutrients Map,BT-GSNM-CLAWRB-2024-0-0-MEAN,TRUE,World reference base,0-0-MEAN,2024-03-28,class,http://localhost:8001/collections/metadata:main/items/feb7f9d6-9557-11f0-bd5f-770c6be09b44,https://storage.googleapis.com/fao-gismgr-glosis-data/DATA/GLOSIS/MAPSET/BT-GSNM-CLAWRB-2024/GLOSIS.BT-GSNM-CLAWRB-2024.D-0-0.D-MEAN.tif,http://localhost:8082/?map=/etc/mapserver/BT-GSNM-CLAWRB-2024-0-0-MEAN.map&SERVICE=WMS&VERSION=1.3.0&REQUEST=GetMap&BBOX=4.584249999999999936%2C116.5172270000000054%2C21.22970700000000122%2C126.8480870000000067&CRS=EPSG%3A4326&WIDTH=567&HEIGHT=914&LAYERS=BT-GSNM-CLAWRB-2024-0-0-MEAN&STYLES=&FORMAT=image%2Fpng&DPI=96&MAP_RESOLUTION=96&FORMAT_OPTIONS=dpi%3A96&TRANSPARENT=TRUE,http://localhost:8082/?map=/etc/mapserver/BT-GSNM-CLAWRB-2024-0-0-MEAN.map&SERVICE=WMS&VERSION=1.1.1&LAYER=BT-GSNM-CLAWRB-2024-0-0-MEAN&REQUEST=getlegendgraphic&FORMAT=image/png,http://localhost:8082/?map=/etc/mapserver/BT-GSNM-CLAWRB-2024-0-0-MEAN.map&SERVICE=WMS&VERSION=1.3.0&REQUEST=GetFeatureInfo&LAYERS=BT-GSNM-CLAWRB-2024-0-0-MEAN&STYLES=&FORMAT=image%2Fpng&QUERY_LAYERS=BT-GSNM-CLAWRB-2024-0-0-MEAN&INFO_FORMAT=text%2Fhtml&I=282&J=429
GSNM,Global Soil Nutrients Map,BT-GSNM-CLAY-2024-0-30-MEAN,TRUE,Clay texture fraction,0-30-MEAN,2024-03-28,%,http://localhost:8001/collections/metadata:main/items/feb7f9c0-9557-11f0-bd5f-770c6be09b44,https://storage.googleapis.com/fao-gismgr-glosis-data/DATA/GLOSIS/MAPSET/BT-GSNM-CLAY-2024/GLOSIS.BT-GSNM-CLAY-2024.D-0-30.D-MEAN.tif,http://localhost:8082/?map=/etc/mapserver/BT-GSNM-CLAY-2024-0-30-MEAN.map&SERVICE=WMS&VERSION=1.3.0&REQUEST=GetMap&BBOX=4.584249999999999936%2C116.5172270000000054%2C21.22970700000000122%2C126.8480870000000067&CRS=EPSG%3A4326&WIDTH=567&HEIGHT=914&LAYERS=BT-GSNM-CLAY-2024-0-30-MEAN&STYLES=&FORMAT=image%2Fpng&DPI=96&MAP_RESOLUTION=96&FORMAT_OPTIONS=dpi%3A96&TRANSPARENT=TRUE,http://localhost:8082/?map=/etc/mapserver/BT-GSNM-CLAY-2024-0-30-MEAN.map&SERVICE=WMS&VERSION=1.1.1&LAYER=BT-GSNM-CLAY-2024-0-30-MEAN&REQUEST=getlegendgraphic&FORMAT=image/png,http://localhost:8082/?map=/etc/mapserver/BT-GSNM-CLAY-2024-0-30-MEAN.map&SERVICE=WMS&VERSION=1.3.0&REQUEST=GetFeatureInfo&LAYERS=BT-GSNM-CLAY-2024-0-30-MEAN&STYLES=&FORMAT=image%2Fpng&QUERY_LAYERS=BT-GSNM-CLAY-2024-0-30-MEAN&INFO_FORMAT=text%2Fhtml&I=282&J=429
GSNM,Global Soil Nutrients Map,BT-GSNM-CLAY-2024-0-30-SDEV,TRUE,Clay texture fraction,0-30-SDEV,2024-03-28,%,http://localhost:8001/collections/metadata:main/items/feb7f9c0-9557-11f0-bd5f-770c6be09b44,https://storage.googleapis.com/fao-gismgr-glosis-data/DATA/GLOSIS/MAPSET/BT-GSNM-CLAY-2024/GLOSIS.BT-GSNM-CLAY-2024.D-0-30.D-SDEV.tif,http://localhost:8082/?map=/etc/mapserver/BT-GSNM-CLAY-2024-0-30-SDEV.map&SERVICE=WMS&VERSION=1.3.0&REQUEST=GetMap&BBOX=4.584249999999999936%2C116.5172270000000054%2C21.22970700000000122%2C126.8480870000000067&CRS=EPSG%3A4326&WIDTH=567&HEIGHT=914&LAYERS=BT-GSNM-CLAY-2024-0-30-SDEV&STYLES=&FORMAT=image%2Fpng&DPI=96&MAP_RESOLUTION=96&FORMAT_OPTIONS=dpi%3A96&TRANSPARENT=TRUE,http://localhost:8082/?map=/etc/mapserver/BT-GSNM-CLAY-2024-0-30-SDEV.map&SERVICE=WMS&VERSION=1.1.1&LAYER=BT-GSNM-CLAY-2024-0-30-SDEV&REQUEST=getlegendgraphic&FORMAT=image/png,http://localhost:8082/?map=/etc/mapserver/BT-GSNM-CLAY-2024-0-30-SDEV.map&SERVICE=WMS&VERSION=1.3.0&REQUEST=GetFeatureInfo&LAYERS=BT-GSNM-CLAY-2024-0-30-SDEV&STYLES=&FORMAT=image%2Fpng&QUERY_LAYERS=BT-GSNM-CLAY-2024-0-30-SDEV&INFO_FORMAT=text%2Fhtml&I=282&J=429
GSNM,Global Soil Nutrients Map,BT-GSNM-CNRAT-2024-0-30-MEAN,TRUE,Carbon/Nitrogen (C/N) ratio,0-30-MEAN,2024-03-28,dimensionless,http://localhost:8001/collections/metadata:main/items/feb7f9c7-9557-11f0-bd5f-770c6be09b44,https://storage.googleapis.com/fao-gismgr-glosis-data/DATA/GLOSIS/MAPSET/BT-GSNM-CNRAT-2024/GLOSIS.BT-GSNM-CNRAT-2024.D-0-30.D-MEAN.tif,http://localhost:8082/?map=/etc/mapserver/BT-GSNM-CNRAT-2024-0-30-MEAN.map&SERVICE=WMS&VERSION=1.3.0&REQUEST=GetMap&BBOX=4.584249999999999936%2C116.5172270000000054%2C21.22970700000000122%2C126.8480870000000067&CRS=EPSG%3A4326&WIDTH=567&HEIGHT=914&LAYERS=BT-GSNM-CNRAT-2024-0-30-MEAN&STYLES=&FORMAT=image%2Fpng&DPI=96&MAP_RESOLUTION=96&FORMAT_OPTIONS=dpi%3A96&TRANSPARENT=TRUE,http://localhost:8082/?map=/etc/mapserver/BT-GSNM-CNRAT-2024-0-30-MEAN.map&SERVICE=WMS&VERSION=1.1.1&LAYER=BT-GSNM-CNRAT-2024-0-30-MEAN&REQUEST=getlegendgraphic&FORMAT=image/png,http://localhost:8082/?map=/etc/mapserver/BT-GSNM-CNRAT-2024-0-30-MEAN.map&SERVICE=WMS&VERSION=1.3.0&REQUEST=GetFeatureInfo&LAYERS=BT-GSNM-CNRAT-2024-0-30-MEAN&STYLES=&FORMAT=image%2Fpng&QUERY_LAYERS=BT-GSNM-CNRAT-2024-0-30-MEAN&INFO_FORMAT=text%2Fhtml&I=282&J=429
GSNM,Global Soil Nutrients Map,BT-GSNM-CNRAT-2024-0-30-SDEV,TRUE,Carbon/Nitrogen (C/N) ratio,0-30-SDEV,2024-03-28,dimensionless,http://localhost:8001/collections/metadata:main/items/feb7f9c7-9557-11f0-bd5f-770c6be09b44,https://storage.googleapis.com/fao-gismgr-glosis-data/DATA/GLOSIS/MAPSET/BT-GSNM-CNRAT-2024/GLOSIS.BT-GSNM-CNRAT-2024.D-0-30.D-SDEV.tif,http://localhost:8082/?map=/etc/mapserver/BT-GSNM-CNRAT-2024-0-30-SDEV.map&SERVICE=WMS&VERSION=1.3.0&REQUEST=GetMap&BBOX=4.584249999999999936%2C116.5172270000000054%2C21.22970700000000122%2C126.8480870000000067&CRS=EPSG%3A4326&WIDTH=567&HEIGHT=914&LAYERS=BT-GSNM-CNRAT-2024-0-30-SDEV&STYLES=&FORMAT=image%2Fpng&DPI=96&MAP_RESOLUTION=96&FORMAT_OPTIONS=dpi%3A96&TRANSPARENT=TRUE,http://localhost:8082/?map=/etc/mapserver/BT-GSNM-CNRAT-2024-0-30-SDEV.map&SERVICE=WMS&VERSION=1.1.1&LAYER=BT-GSNM-CNRAT-2024-0-30-SDEV&REQUEST=getlegendgraphic&FORMAT=image/png,http://localhost:8082/?map=/etc/mapserver/BT-GSNM-CNRAT-2024-0-30-SDEV.map&SERVICE=WMS&VERSION=1.3.0&REQUEST=GetFeatureInfo&LAYERS=BT-GSNM-CNRAT-2024-0-30-SDEV&STYLES=&FORMAT=image%2Fpng&QUERY_LAYERS=BT-GSNM-CNRAT-2024-0-30-SDEV&INFO_FORMAT=text%2Fhtml&I=282&J=429
GSNM,Global Soil Nutrients Map,BT-GSNM-CORG-2024-0-30-MEAN,TRUE,Carbon (C) - organic,0-30-MEAN,2024-03-28,%,http://localhost:8001/collections/metadata:main/items/ff87369d-9557-11f0-bd5f-770c6be09b44,https://storage.googleapis.com/fao-gismgr-glosis-data/DATA/GLOSIS/MAPSET/BT-GSNM-CORG-2024/GLOSIS.BT-GSNM-CORG-2024.D-0-30.D-MEAN.tif,http://localhost:8082/?map=/etc/mapserver/BT-GSNM-CORG-2024-0-30-MEAN.map&SERVICE=WMS&VERSION=1.3.0&REQUEST=GetMap&BBOX=4.584249999999999936%2C116.5172270000000054%2C21.22970700000000122%2C126.8480870000000067&CRS=EPSG%3A4326&WIDTH=567&HEIGHT=914&LAYERS=BT-GSNM-CORG-2024-0-30-MEAN&STYLES=&FORMAT=image%2Fpng&DPI=96&MAP_RESOLUTION=96&FORMAT_OPTIONS=dpi%3A96&TRANSPARENT=TRUE,http://localhost:8082/?map=/etc/mapserver/BT-GSNM-CORG-2024-0-30-MEAN.map&SERVICE=WMS&VERSION=1.1.1&LAYER=BT-GSNM-CORG-2024-0-30-MEAN&REQUEST=getlegendgraphic&FORMAT=image/png,http://localhost:8082/?map=/etc/mapserver/BT-GSNM-CORG-2024-0-30-MEAN.map&SERVICE=WMS&VERSION=1.3.0&REQUEST=GetFeatureInfo&LAYERS=BT-GSNM-CORG-2024-0-30-MEAN&STYLES=&FORMAT=image%2Fpng&QUERY_LAYERS=BT-GSNM-CORG-2024-0-30-MEAN&INFO_FORMAT=text%2Fhtml&I=282&J=429
GSNM,Global Soil Nutrients Map,BT-GSNM-CORG-2024-0-30-SDEV,TRUE,Carbon (C) - organic,0-30-SDEV,2024-03-28,%,http://localhost:8001/collections/metadata:main/items/ff87369d-9557-11f0-bd5f-770c6be09b44,https://storage.googleapis.com/fao-gismgr-glosis-data/DATA/GLOSIS/MAPSET/BT-GSNM-CORG-2024/GLOSIS.BT-GSNM-CORG-2024.D-0-30.D-SDEV.tif,http://localhost:8082/?map=/etc/mapserver/BT-GSNM-CORG-2024-0-30-SDEV.map&SERVICE=WMS&VERSION=1.3.0&REQUEST=GetMap&BBOX=4.584249999999999936%2C116.5172270000000054%2C21.22970700000000122%2C126.8480870000000067&CRS=EPSG%3A4326&WIDTH=567&HEIGHT=914&LAYERS=BT-GSNM-CORG-2024-0-30-SDEV&STYLES=&FORMAT=image%2Fpng&DPI=96&MAP_RESOLUTION=96&FORMAT_OPTIONS=dpi%3A96&TRANSPARENT=TRUE,http://localhost:8082/?map=/etc/mapserver/BT-GSNM-CORG-2024-0-30-SDEV.map&SERVICE=WMS&VERSION=1.1.1&LAYER=BT-GSNM-CORG-2024-0-30-SDEV&REQUEST=getlegendgraphic&FORMAT=image/png,http://localhost:8082/?map=/etc/mapserver/BT-GSNM-CORG-2024-0-30-SDEV.map&SERVICE=WMS&VERSION=1.3.0&REQUEST=GetFeatureInfo&LAYERS=BT-GSNM-CORG-2024-0-30-SDEV&STYLES=&FORMAT=image%2Fpng&QUERY_LAYERS=BT-GSNM-CORG-2024-0-30-SDEV&INFO_FORMAT=text%2Fhtml&I=282&J=429
GSNM,Global Soil Nutrients Map,BT-GSNM-KEXC-2024-0-30-MEAN,TRUE,Potassium (K+) - exchangeable,0-30-MEAN,2024-03-28,cmol/kg,http://localhost:8001/collections/metadata:main/items/ff873692-9557-11f0-bd5f-770c6be09b44,https://storage.googleapis.com/fao-gismgr-glosis-data/DATA/GLOSIS/MAPSET/BT-GSNM-KEXC-2024/GLOSIS.BT-GSNM-KEXC-2024.D-0-30.D-MEAN.tif,http://localhost:8082/?map=/etc/mapserver/BT-GSNM-KEXC-2024-0-30-MEAN.map&SERVICE=WMS&VERSION=1.3.0&REQUEST=GetMap&BBOX=4.584249999999999936%2C116.5172270000000054%2C21.22970700000000122%2C126.8480870000000067&CRS=EPSG%3A4326&WIDTH=567&HEIGHT=914&LAYERS=BT-GSNM-KEXC-2024-0-30-MEAN&STYLES=&FORMAT=image%2Fpng&DPI=96&MAP_RESOLUTION=96&FORMAT_OPTIONS=dpi%3A96&TRANSPARENT=TRUE,http://localhost:8082/?map=/etc/mapserver/BT-GSNM-KEXC-2024-0-30-MEAN.map&SERVICE=WMS&VERSION=1.1.1&LAYER=BT-GSNM-KEXC-2024-0-30-MEAN&REQUEST=getlegendgraphic&FORMAT=image/png,http://localhost:8082/?map=/etc/mapserver/BT-GSNM-KEXC-2024-0-30-MEAN.map&SERVICE=WMS&VERSION=1.3.0&REQUEST=GetFeatureInfo&LAYERS=BT-GSNM-KEXC-2024-0-30-MEAN&STYLES=&FORMAT=image%2Fpng&QUERY_LAYERS=BT-GSNM-KEXC-2024-0-30-MEAN&INFO_FORMAT=text%2Fhtml&I=282&J=429
GSNM,Global Soil Nutrients Map,BT-GSNM-KEXC-2024-0-30-SDEV,TRUE,Potassium (K+) - exchangeable,0-30-SDEV,2024-03-28,cmol/kg,http://localhost:8001/collections/metadata:main/items/ff873692-9557-11f0-bd5f-770c6be09b44,https://storage.googleapis.com/fao-gismgr-glosis-data/DATA/GLOSIS/MAPSET/BT-GSNM-KEXC-2024/GLOSIS.BT-GSNM-KEXC-2024.D-0-30.D-SDEV.tif,http://localhost:8082/?map=/etc/mapserver/BT-GSNM-KEXC-2024-0-30-SDEV.map&SERVICE=WMS&VERSION=1.3.0&REQUEST=GetMap&BBOX=4.584249999999999936%2C116.5172270000000054%2C21.22970700000000122%2C126.8480870000000067&CRS=EPSG%3A4326&WIDTH=567&HEIGHT=914&LAYERS=BT-GSNM-KEXC-2024-0-30-SDEV&STYLES=&FORMAT=image%2Fpng&DPI=96&MAP_RESOLUTION=96&FORMAT_OPTIONS=dpi%3A96&TRANSPARENT=TRUE,http://localhost:8082/?map=/etc/mapserver/BT-GSNM-KEXC-2024-0-30-SDEV.map&SERVICE=WMS&VERSION=1.1.1&LAYER=BT-GSNM-KEXC-2024-0-30-SDEV&REQUEST=getlegendgraphic&FORMAT=image/png,http://localhost:8082/?map=/etc/mapserver/BT-GSNM-KEXC-2024-0-30-SDEV.map&SERVICE=WMS&VERSION=1.3.0&REQUEST=GetFeatureInfo&LAYERS=BT-GSNM-KEXC-2024-0-30-SDEV&STYLES=&FORMAT=image%2Fpng&QUERY_LAYERS=BT-GSNM-KEXC-2024-0-30-SDEV&INFO_FORMAT=text%2Fhtml&I=282&J=429
GSNM,Global Soil Nutrients Map,BT-GSNM-KXX-2024-0-30-MEAN,TRUE,Potassium (K),0-30-MEAN,2024-03-28,mg/kg,http://localhost:8001/collections/metadata:main/items/ff8736a2-9557-11f0-bd5f-770c6be09b44,https://storage.googleapis.com/fao-gismgr-glosis-data/DATA/GLOSIS/MAPSET/BT-GSNM-KXX-2024/GLOSIS.BT-GSNM-KXX-2024.D-0-30.D-MEAN.tif,http://localhost:8082/?map=/etc/mapserver/BT-GSNM-KXX-2024-0-30-MEAN.map&SERVICE=WMS&VERSION=1.3.0&REQUEST=GetMap&BBOX=4.584249999999999936%2C116.5172270000000054%2C21.22970700000000122%2C126.8480870000000067&CRS=EPSG%3A4326&WIDTH=567&HEIGHT=914&LAYERS=BT-GSNM-KXX-2024-0-30-MEAN&STYLES=&FORMAT=image%2Fpng&DPI=96&MAP_RESOLUTION=96&FORMAT_OPTIONS=dpi%3A96&TRANSPARENT=TRUE,http://localhost:8082/?map=/etc/mapserver/BT-GSNM-KXX-2024-0-30-MEAN.map&SERVICE=WMS&VERSION=1.1.1&LAYER=BT-GSNM-KXX-2024-0-30-MEAN&REQUEST=getlegendgraphic&FORMAT=image/png,http://localhost:8082/?map=/etc/mapserver/BT-GSNM-KXX-2024-0-30-MEAN.map&SERVICE=WMS&VERSION=1.3.0&REQUEST=GetFeatureInfo&LAYERS=BT-GSNM-KXX-2024-0-30-MEAN&STYLES=&FORMAT=image%2Fpng&QUERY_LAYERS=BT-GSNM-KXX-2024-0-30-MEAN&INFO_FORMAT=text%2Fhtml&I=282&J=429
GSNM,Global Soil Nutrients Map,BT-GSNM-KXX-2024-0-30-SDEV,TRUE,Potassium (K),0-30-SDEV,2024-03-28,mg/kg,http://localhost:8001/collections/metadata:main/items/ff8736a2-9557-11f0-bd5f-770c6be09b44,https://storage.googleapis.com/fao-gismgr-glosis-data/DATA/GLOSIS/MAPSET/BT-GSNM-KXX-2024/GLOSIS.BT-GSNM-KXX-2024.D-0-30.D-SDEV.tif,http://localhost:8082/?map=/etc/mapserver/BT-GSNM-KXX-2024-0-30-SDEV.map&SERVICE=WMS&VERSION=1.3.0&REQUEST=GetMap&BBOX=4.584249999999999936%2C116.5172270000000054%2C21.22970700000000122%2C126.8480870000000067&CRS=EPSG%3A4326&WIDTH=567&HEIGHT=914&LAYERS=BT-GSNM-KXX-2024-0-30-SDEV&STYLES=&FORMAT=image%2Fpng&DPI=96&MAP_RESOLUTION=96&FORMAT_OPTIONS=dpi%3A96&TRANSPARENT=TRUE,http://localhost:8082/?map=/etc/mapserver/BT-GSNM-KXX-2024-0-30-SDEV.map&SERVICE=WMS&VERSION=1.1.1&LAYER=BT-GSNM-KXX-2024-0-30-SDEV&REQUEST=getlegendgraphic&FORMAT=image/png,http://localhost:8082/?map=/etc/mapserver/BT-GSNM-KXX-2024-0-30-SDEV.map&SERVICE=WMS&VERSION=1.3.0&REQUEST=GetFeatureInfo&LAYERS=BT-GSNM-KXX-2024-0-30-SDEV&STYLES=&FORMAT=image%2Fpng&QUERY_LAYERS=BT-GSNM-KXX-2024-0-30-SDEV&INFO_FORMAT=text%2Fhtml&I=282&J=429
GSNM,Global Soil Nutrients Map,BT-GSNM-MGEXC-2024-0-30-MEAN,TRUE,Magnesium (Mg++) - exchangeable,0-30-MEAN,2024-03-28,cmol/kg,http://localhost:8001/collections/metadata:main/items/feb7f9b8-9557-11f0-bd5f-770c6be09b44,https://storage.googleapis.com/fao-gismgr-glosis-data/DATA/GLOSIS/MAPSET/BT-GSNM-MGEXC-2024/GLOSIS.BT-GSNM-MGEXC-2024.D-0-30.D-MEAN.tif,http://localhost:8082/?map=/etc/mapserver/BT-GSNM-MGEXC-2024-0-30-MEAN.map&SERVICE=WMS&VERSION=1.3.0&REQUEST=GetMap&BBOX=4.584249999999999936%2C116.5172270000000054%2C21.22970700000000122%2C126.8480870000000067&CRS=EPSG%3A4326&WIDTH=567&HEIGHT=914&LAYERS=BT-GSNM-MGEXC-2024-0-30-MEAN&STYLES=&FORMAT=image%2Fpng&DPI=96&MAP_RESOLUTION=96&FORMAT_OPTIONS=dpi%3A96&TRANSPARENT=TRUE,http://localhost:8082/?map=/etc/mapserver/BT-GSNM-MGEXC-2024-0-30-MEAN.map&SERVICE=WMS&VERSION=1.1.1&LAYER=BT-GSNM-MGEXC-2024-0-30-MEAN&REQUEST=getlegendgraphic&FORMAT=image/png,http://localhost:8082/?map=/etc/mapserver/BT-GSNM-MGEXC-2024-0-30-MEAN.map&SERVICE=WMS&VERSION=1.3.0&REQUEST=GetFeatureInfo&LAYERS=BT-GSNM-MGEXC-2024-0-30-MEAN&STYLES=&FORMAT=image%2Fpng&QUERY_LAYERS=BT-GSNM-MGEXC-2024-0-30-MEAN&INFO_FORMAT=text%2Fhtml&I=282&J=429
GSNM,Global Soil Nutrients Map,BT-GSNM-MGEXC-2024-0-30-SDEV,TRUE,Magnesium (Mg++) - exchangeable,0-30-SDEV,2024-03-28,cmol/kg,http://localhost:8001/collections/metadata:main/items/feb7f9b8-9557-11f0-bd5f-770c6be09b44,https://storage.googleapis.com/fao-gismgr-glosis-data/DATA/GLOSIS/MAPSET/BT-GSNM-MGEXC-2024/GLOSIS.BT-GSNM-MGEXC-2024.D-0-30.D-SDEV.tif,http://localhost:8082/?map=/etc/mapserver/BT-GSNM-MGEXC-2024-0-30-SDEV.map&SERVICE=WMS&VERSION=1.3.0&REQUEST=GetMap&BBOX=4.584249999999999936%2C116.5172270000000054%2C21.22970700000000122%2C126.8480870000000067&CRS=EPSG%3A4326&WIDTH=567&HEIGHT=914&LAYERS=BT-GSNM-MGEXC-2024-0-30-SDEV&STYLES=&FORMAT=image%2Fpng&DPI=96&MAP_RESOLUTION=96&FORMAT_OPTIONS=dpi%3A96&TRANSPARENT=TRUE,http://localhost:8082/?map=/etc/mapserver/BT-GSNM-MGEXC-2024-0-30-SDEV.map&SERVICE=WMS&VERSION=1.1.1&LAYER=BT-GSNM-MGEXC-2024-0-30-SDEV&REQUEST=getlegendgraphic&FORMAT=image/png,http://localhost:8082/?map=/etc/mapserver/BT-GSNM-MGEXC-2024-0-30-SDEV.map&SERVICE=WMS&VERSION=1.3.0&REQUEST=GetFeatureInfo&LAYERS=BT-GSNM-MGEXC-2024-0-30-SDEV&STYLES=&FORMAT=image%2Fpng&QUERY_LAYERS=BT-GSNM-MGEXC-2024-0-30-SDEV&INFO_FORMAT=text%2Fhtml&I=282&J=429
GSNM,Global Soil Nutrients Map,BT-GSNM-NAEXC-2024-0-30-MEAN,TRUE,Sodium (Na+) - exchangeable,0-30-MEAN,2024-03-28,cmol/kg,http://localhost:8001/collections/metadata:main/items/feb7f9bc-9557-11f0-bd5f-770c6be09b44,https://storage.googleapis.com/fao-gismgr-glosis-data/DATA/GLOSIS/MAPSET/BT-GSNM-NAEXC-2024/GLOSIS.BT-GSNM-NAEXC-2024.D-0-30.D-MEAN.tif,http://localhost:8082/?map=/etc/mapserver/BT-GSNM-NAEXC-2024-0-30-MEAN.map&SERVICE=WMS&VERSION=1.3.0&REQUEST=GetMap&BBOX=4.584249999999999936%2C116.5172270000000054%2C21.22970700000000122%2C126.8480870000000067&CRS=EPSG%3A4326&WIDTH=567&HEIGHT=914&LAYERS=BT-GSNM-NAEXC-2024-0-30-MEAN&STYLES=&FORMAT=image%2Fpng&DPI=96&MAP_RESOLUTION=96&FORMAT_OPTIONS=dpi%3A96&TRANSPARENT=TRUE,http://localhost:8082/?map=/etc/mapserver/BT-GSNM-NAEXC-2024-0-30-MEAN.map&SERVICE=WMS&VERSION=1.1.1&LAYER=BT-GSNM-NAEXC-2024-0-30-MEAN&REQUEST=getlegendgraphic&FORMAT=image/png,http://localhost:8082/?map=/etc/mapserver/BT-GSNM-NAEXC-2024-0-30-MEAN.map&SERVICE=WMS&VERSION=1.3.0&REQUEST=GetFeatureInfo&LAYERS=BT-GSNM-NAEXC-2024-0-30-MEAN&STYLES=&FORMAT=image%2Fpng&QUERY_LAYERS=BT-GSNM-NAEXC-2024-0-30-MEAN&INFO_FORMAT=text%2Fhtml&I=282&J=429
GSNM,Global Soil Nutrients Map,BT-GSNM-NAEXC-2024-0-30-SDEV,TRUE,Sodium (Na+) - exchangeable,0-30-SDEV,2024-03-28,cmol/kg,http://localhost:8001/collections/metadata:main/items/feb7f9bc-9557-11f0-bd5f-770c6be09b44,https://storage.googleapis.com/fao-gismgr-glosis-data/DATA/GLOSIS/MAPSET/BT-GSNM-NAEXC-2024/GLOSIS.BT-GSNM-NAEXC-2024.D-0-30.D-SDEV.tif,http://localhost:8082/?map=/etc/mapserver/BT-GSNM-NAEXC-2024-0-30-SDEV.map&SERVICE=WMS&VERSION=1.3.0&REQUEST=GetMap&BBOX=4.584249999999999936%2C116.5172270000000054%2C21.22970700000000122%2C126.8480870000000067&CRS=EPSG%3A4326&WIDTH=567&HEIGHT=914&LAYERS=BT-GSNM-NAEXC-2024-0-30-SDEV&STYLES=&FORMAT=image%2Fpng&DPI=96&MAP_RESOLUTION=96&FORMAT_OPTIONS=dpi%3A96&TRANSPARENT=TRUE,http://localhost:8082/?map=/etc/mapserver/BT-GSNM-NAEXC-2024-0-30-SDEV.map&SERVICE=WMS&VERSION=1.1.1&LAYER=BT-GSNM-NAEXC-2024-0-30-SDEV&REQUEST=getlegendgraphic&FORMAT=image/png,http://localhost:8082/?map=/etc/mapserver/BT-GSNM-NAEXC-2024-0-30-SDEV.map&SERVICE=WMS&VERSION=1.3.0&REQUEST=GetFeatureInfo&LAYERS=BT-GSNM-NAEXC-2024-0-30-SDEV&STYLES=&FORMAT=image%2Fpng&QUERY_LAYERS=BT-GSNM-NAEXC-2024-0-30-SDEV&INFO_FORMAT=text%2Fhtml&I=282&J=429
GSNM,Global Soil Nutrients Map,BT-GSNM-NTOT-2024-0-30-MEAN,TRUE,Nitrogen (N) - total,0-30-MEAN,2024-03-28,%,http://localhost:8001/collections/metadata:main/items/ff873690-9557-11f0-bd5f-770c6be09b44,https://storage.googleapis.com/fao-gismgr-glosis-data/DATA/GLOSIS/MAPSET/BT-GSNM-NTOT-2024/GLOSIS.BT-GSNM-NTOT-2024.D-0-30.D-MEAN.tif,http://localhost:8082/?map=/etc/mapserver/BT-GSNM-NTOT-2024-0-30-MEAN.map&SERVICE=WMS&VERSION=1.3.0&REQUEST=GetMap&BBOX=4.584249999999999936%2C116.5172270000000054%2C21.22970700000000122%2C126.8480870000000067&CRS=EPSG%3A4326&WIDTH=567&HEIGHT=914&LAYERS=BT-GSNM-NTOT-2024-0-30-MEAN&STYLES=&FORMAT=image%2Fpng&DPI=96&MAP_RESOLUTION=96&FORMAT_OPTIONS=dpi%3A96&TRANSPARENT=TRUE,http://localhost:8082/?map=/etc/mapserver/BT-GSNM-NTOT-2024-0-30-MEAN.map&SERVICE=WMS&VERSION=1.1.1&LAYER=BT-GSNM-NTOT-2024-0-30-MEAN&REQUEST=getlegendgraphic&FORMAT=image/png,http://localhost:8082/?map=/etc/mapserver/BT-GSNM-NTOT-2024-0-30-MEAN.map&SERVICE=WMS&VERSION=1.3.0&REQUEST=GetFeatureInfo&LAYERS=BT-GSNM-NTOT-2024-0-30-MEAN&STYLES=&FORMAT=image%2Fpng&QUERY_LAYERS=BT-GSNM-NTOT-2024-0-30-MEAN&INFO_FORMAT=text%2Fhtml&I=282&J=429
GSNM,Global Soil Nutrients Map,BT-GSNM-NTOT-2024-0-30-SDEV,TRUE,Nitrogen (N) - total,0-30-SDEV,2024-03-28,%,http://localhost:8001/collections/metadata:main/items/ff873690-9557-11f0-bd5f-770c6be09b44,https://storage.googleapis.com/fao-gismgr-glosis-data/DATA/GLOSIS/MAPSET/BT-GSNM-NTOT-2024/GLOSIS.BT-GSNM-NTOT-2024.D-0-30.D-SDEV.tif,http://localhost:8082/?map=/etc/mapserver/BT-GSNM-NTOT-2024-0-30-SDEV.map&SERVICE=WMS&VERSION=1.3.0&REQUEST=GetMap&BBOX=4.584249999999999936%2C116.5172270000000054%2C21.22970700000000122%2C126.8480870000000067&CRS=EPSG%3A4326&WIDTH=567&HEIGHT=914&LAYERS=BT-GSNM-NTOT-2024-0-30-SDEV&STYLES=&FORMAT=image%2Fpng&DPI=96&MAP_RESOLUTION=96&FORMAT_OPTIONS=dpi%3A96&TRANSPARENT=TRUE,http://localhost:8082/?map=/etc/mapserver/BT-GSNM-NTOT-2024-0-30-SDEV.map&SERVICE=WMS&VERSION=1.1.1&LAYER=BT-GSNM-NTOT-2024-0-30-SDEV&REQUEST=getlegendgraphic&FORMAT=image/png,http://localhost:8082/?map=/etc/mapserver/BT-GSNM-NTOT-2024-0-30-SDEV.map&SERVICE=WMS&VERSION=1.3.0&REQUEST=GetFeatureInfo&LAYERS=BT-GSNM-NTOT-2024-0-30-SDEV&STYLES=&FORMAT=image%2Fpng&QUERY_LAYERS=BT-GSNM-NTOT-2024-0-30-SDEV&INFO_FORMAT=text%2Fhtml&I=282&J=429
GSNM,Global Soil Nutrients Map,BT-GSNM-PHAQ-2024-0-30-MEAN,TRUE,pH - Hydrogen potential in water,0-30-MEAN,2024-03-28,pH,http://localhost:8001/collections/metadata:main/items/feb7f9ba-9557-11f0-bd5f-770c6be09b44,https://storage.googleapis.com/fao-gismgr-glosis-data/DATA/GLOSIS/MAPSET/BT-GSNM-PHAQ-2024/GLOSIS.BT-GSNM-PHAQ-2024.D-0-30.D-MEAN.tif,http://localhost:8082/?map=/etc/mapserver/BT-GSNM-PHAQ-2024-0-30-MEAN.map&SERVICE=WMS&VERSION=1.3.0&REQUEST=GetMap&BBOX=4.584249999999999936%2C116.5172270000000054%2C21.22970700000000122%2C126.8480870000000067&CRS=EPSG%3A4326&WIDTH=567&HEIGHT=914&LAYERS=BT-GSNM-PHAQ-2024-0-30-MEAN&STYLES=&FORMAT=image%2Fpng&DPI=96&MAP_RESOLUTION=96&FORMAT_OPTIONS=dpi%3A96&TRANSPARENT=TRUE,http://localhost:8082/?map=/etc/mapserver/BT-GSNM-PHAQ-2024-0-30-MEAN.map&SERVICE=WMS&VERSION=1.1.1&LAYER=BT-GSNM-PHAQ-2024-0-30-MEAN&REQUEST=getlegendgraphic&FORMAT=image/png,http://localhost:8082/?map=/etc/mapserver/BT-GSNM-PHAQ-2024-0-30-MEAN.map&SERVICE=WMS&VERSION=1.3.0&REQUEST=GetFeatureInfo&LAYERS=BT-GSNM-PHAQ-2024-0-30-MEAN&STYLES=&FORMAT=image%2Fpng&QUERY_LAYERS=BT-GSNM-PHAQ-2024-0-30-MEAN&INFO_FORMAT=text%2Fhtml&I=282&J=429
GSNM,Global Soil Nutrients Map,BT-GSNM-PHAQ-2024-0-30-SDEV,TRUE,pH - Hydrogen potential in water,0-30-SDEV,2024-03-28,pH,http://localhost:8001/collections/metadata:main/items/feb7f9ba-9557-11f0-bd5f-770c6be09b44,https://storage.googleapis.com/fao-gismgr-glosis-data/DATA/GLOSIS/MAPSET/BT-GSNM-PHAQ-2024/GLOSIS.BT-GSNM-PHAQ-2024.D-0-30.D-SDEV.tif,http://localhost:8082/?map=/etc/mapserver/BT-GSNM-PHAQ-2024-0-30-SDEV.map&SERVICE=WMS&VERSION=1.3.0&REQUEST=GetMap&BBOX=4.584249999999999936%2C116.5172270000000054%2C21.22970700000000122%2C126.8480870000000067&CRS=EPSG%3A4326&WIDTH=567&HEIGHT=914&LAYERS=BT-GSNM-PHAQ-2024-0-30-SDEV&STYLES=&FORMAT=image%2Fpng&DPI=96&MAP_RESOLUTION=96&FORMAT_OPTIONS=dpi%3A96&TRANSPARENT=TRUE,http://localhost:8082/?map=/etc/mapserver/BT-GSNM-PHAQ-2024-0-30-SDEV.map&SERVICE=WMS&VERSION=1.1.1&LAYER=BT-GSNM-PHAQ-2024-0-30-SDEV&REQUEST=getlegendgraphic&FORMAT=image/png,http://localhost:8082/?map=/etc/mapserver/BT-GSNM-PHAQ-2024-0-30-SDEV.map&SERVICE=WMS&VERSION=1.3.0&REQUEST=GetFeatureInfo&LAYERS=BT-GSNM-PHAQ-2024-0-30-SDEV&STYLES=&FORMAT=image%2Fpng&QUERY_LAYERS=BT-GSNM-PHAQ-2024-0-30-SDEV&INFO_FORMAT=text%2Fhtml&I=282&J=429
GSNM,Global Soil Nutrients Map,BT-GSNM-PXX-2024-0-30-MEAN,TRUE,Phosphorus (P),0-30-MEAN,2024-03-28,mg/kg,http://localhost:8001/collections/metadata:main/items/feb7f9bb-9557-11f0-bd5f-770c6be09b44,https://storage.googleapis.com/fao-gismgr-glosis-data/DATA/GLOSIS/MAPSET/BT-GSNM-PXX-2024/GLOSIS.BT-GSNM-PXX-2024.D-0-30.D-MEAN.tif,http://localhost:8082/?map=/etc/mapserver/BT-GSNM-PXX-2024-0-30-MEAN.map&SERVICE=WMS&VERSION=1.3.0&REQUEST=GetMap&BBOX=4.584249999999999936%2C116.5172270000000054%2C21.22970700000000122%2C126.8480870000000067&CRS=EPSG%3A4326&WIDTH=567&HEIGHT=914&LAYERS=BT-GSNM-PXX-2024-0-30-MEAN&STYLES=&FORMAT=image%2Fpng&DPI=96&MAP_RESOLUTION=96&FORMAT_OPTIONS=dpi%3A96&TRANSPARENT=TRUE,http://localhost:8082/?map=/etc/mapserver/BT-GSNM-PXX-2024-0-30-MEAN.map&SERVICE=WMS&VERSION=1.1.1&LAYER=BT-GSNM-PXX-2024-0-30-MEAN&REQUEST=getlegendgraphic&FORMAT=image/png,http://localhost:8082/?map=/etc/mapserver/BT-GSNM-PXX-2024-0-30-MEAN.map&SERVICE=WMS&VERSION=1.3.0&REQUEST=GetFeatureInfo&LAYERS=BT-GSNM-PXX-2024-0-30-MEAN&STYLES=&FORMAT=image%2Fpng&QUERY_LAYERS=BT-GSNM-PXX-2024-0-30-MEAN&INFO_FORMAT=text%2Fhtml&I=282&J=429
GSNM,Global Soil Nutrients Map,BT-GSNM-PXX-2024-0-30-SDEV,TRUE,Phosphorus (P),0-30-SDEV,2024-03-28,mg/kg,http://localhost:8001/collections/metadata:main/items/feb7f9bb-9557-11f0-bd5f-770c6be09b44,https://storage.googleapis.com/fao-gismgr-glosis-data/DATA/GLOSIS/MAPSET/BT-GSNM-PXX-2024/GLOSIS.BT-GSNM-PXX-2024.D-0-30.D-SDEV.tif,http://localhost:8082/?map=/etc/mapserver/BT-GSNM-PXX-2024-0-30-SDEV.map&SERVICE=WMS&VERSION=1.3.0&REQUEST=GetMap&BBOX=4.584249999999999936%2C116.5172270000000054%2C21.22970700000000122%2C126.8480870000000067&CRS=EPSG%3A4326&WIDTH=567&HEIGHT=914&LAYERS=BT-GSNM-PXX-2024-0-30-SDEV&STYLES=&FORMAT=image%2Fpng&DPI=96&MAP_RESOLUTION=96&FORMAT_OPTIONS=dpi%3A96&TRANSPARENT=TRUE,http://localhost:8082/?map=/etc/mapserver/BT-GSNM-PXX-2024-0-30-SDEV.map&SERVICE=WMS&VERSION=1.1.1&LAYER=BT-GSNM-PXX-2024-0-30-SDEV&REQUEST=getlegendgraphic&FORMAT=image/png,http://localhost:8082/?map=/etc/mapserver/BT-GSNM-PXX-2024-0-30-SDEV.map&SERVICE=WMS&VERSION=1.3.0&REQUEST=GetFeatureInfo&LAYERS=BT-GSNM-PXX-2024-0-30-SDEV&STYLES=&FORMAT=image%2Fpng&QUERY_LAYERS=BT-GSNM-PXX-2024-0-30-SDEV&INFO_FORMAT=text%2Fhtml&I=282&J=429
GSNM,Global Soil Nutrients Map,BT-GSNM-SAND-2024-0-30-MEAN,TRUE,Sand texture fraction,0-30-MEAN,2024-03-28,%,http://localhost:8001/collections/metadata:main/items/feb7f9b9-9557-11f0-bd5f-770c6be09b44,https://storage.googleapis.com/fao-gismgr-glosis-data/DATA/GLOSIS/MAPSET/BT-GSNM-SAND-2024/GLOSIS.BT-GSNM-SAND-2024.D-0-30.D-MEAN.tif,http://localhost:8082/?map=/etc/mapserver/BT-GSNM-SAND-2024-0-30-MEAN.map&SERVICE=WMS&VERSION=1.3.0&REQUEST=GetMap&BBOX=4.584249999999999936%2C116.5172270000000054%2C21.22970700000000122%2C126.8480870000000067&CRS=EPSG%3A4326&WIDTH=567&HEIGHT=914&LAYERS=BT-GSNM-SAND-2024-0-30-MEAN&STYLES=&FORMAT=image%2Fpng&DPI=96&MAP_RESOLUTION=96&FORMAT_OPTIONS=dpi%3A96&TRANSPARENT=TRUE,http://localhost:8082/?map=/etc/mapserver/BT-GSNM-SAND-2024-0-30-MEAN.map&SERVICE=WMS&VERSION=1.1.1&LAYER=BT-GSNM-SAND-2024-0-30-MEAN&REQUEST=getlegendgraphic&FORMAT=image/png,http://localhost:8082/?map=/etc/mapserver/BT-GSNM-SAND-2024-0-30-MEAN.map&SERVICE=WMS&VERSION=1.3.0&REQUEST=GetFeatureInfo&LAYERS=BT-GSNM-SAND-2024-0-30-MEAN&STYLES=&FORMAT=image%2Fpng&QUERY_LAYERS=BT-GSNM-SAND-2024-0-30-MEAN&INFO_FORMAT=text%2Fhtml&I=282&J=429
GSNM,Global Soil Nutrients Map,BT-GSNM-SAND-2024-0-30-SDEV,TRUE,Sand texture fraction,0-30-SDEV,2024-03-28,%,http://localhost:8001/collections/metadata:main/items/feb7f9b9-9557-11f0-bd5f-770c6be09b44,https://storage.googleapis.com/fao-gismgr-glosis-data/DATA/GLOSIS/MAPSET/BT-GSNM-SAND-2024/GLOSIS.BT-GSNM-SAND-2024.D-0-30.D-SDEV.tif,http://localhost:8082/?map=/etc/mapserver/BT-GSNM-SAND-2024-0-30-SDEV.map&SERVICE=WMS&VERSION=1.3.0&REQUEST=GetMap&BBOX=4.584249999999999936%2C116.5172270000000054%2C21.22970700000000122%2C126.8480870000000067&CRS=EPSG%3A4326&WIDTH=567&HEIGHT=914&LAYERS=BT-GSNM-SAND-2024-0-30-SDEV&STYLES=&FORMAT=image%2Fpng&DPI=96&MAP_RESOLUTION=96&FORMAT_OPTIONS=dpi%3A96&TRANSPARENT=TRUE,http://localhost:8082/?map=/etc/mapserver/BT-GSNM-SAND-2024-0-30-SDEV.map&SERVICE=WMS&VERSION=1.1.1&LAYER=BT-GSNM-SAND-2024-0-30-SDEV&REQUEST=getlegendgraphic&FORMAT=image/png,http://localhost:8082/?map=/etc/mapserver/BT-GSNM-SAND-2024-0-30-SDEV.map&SERVICE=WMS&VERSION=1.3.0&REQUEST=GetFeatureInfo&LAYERS=BT-GSNM-SAND-2024-0-30-SDEV&STYLES=&FORMAT=image%2Fpng&QUERY_LAYERS=BT-GSNM-SAND-2024-0-30-SDEV&INFO_FORMAT=text%2Fhtml&I=282&J=429
GSNM,Global Soil Nutrients Map,BT-GSNM-SILT-2024-0-30-MEAN,TRUE,Silt texture fraction,0-30-MEAN,2024-03-28,%,http://localhost:8001/collections/metadata:main/items/feb7f9bf-9557-11f0-bd5f-770c6be09b44,https://storage.googleapis.com/fao-gismgr-glosis-data/DATA/GLOSIS/MAPSET/BT-GSNM-SILT-2024/GLOSIS.BT-GSNM-SILT-2024.D-0-30.D-MEAN.tif,http://localhost:8082/?map=/etc/mapserver/BT-GSNM-SILT-2024-0-30-MEAN.map&SERVICE=WMS&VERSION=1.3.0&REQUEST=GetMap&BBOX=4.584249999999999936%2C116.5172270000000054%2C21.22970700000000122%2C126.8480870000000067&CRS=EPSG%3A4326&WIDTH=567&HEIGHT=914&LAYERS=BT-GSNM-SILT-2024-0-30-MEAN&STYLES=&FORMAT=image%2Fpng&DPI=96&MAP_RESOLUTION=96&FORMAT_OPTIONS=dpi%3A96&TRANSPARENT=TRUE,http://localhost:8082/?map=/etc/mapserver/BT-GSNM-SILT-2024-0-30-MEAN.map&SERVICE=WMS&VERSION=1.1.1&LAYER=BT-GSNM-SILT-2024-0-30-MEAN&REQUEST=getlegendgraphic&FORMAT=image/png,http://localhost:8082/?map=/etc/mapserver/BT-GSNM-SILT-2024-0-30-MEAN.map&SERVICE=WMS&VERSION=1.3.0&REQUEST=GetFeatureInfo&LAYERS=BT-GSNM-SILT-2024-0-30-MEAN&STYLES=&FORMAT=image%2Fpng&QUERY_LAYERS=BT-GSNM-SILT-2024-0-30-MEAN&INFO_FORMAT=text%2Fhtml&I=282&J=429
GSNM,Global Soil Nutrients Map,BT-GSNM-SILT-2024-0-30-SDEV,TRUE,Silt texture fraction,0-30-SDEV,2024-03-28,%,http://localhost:8001/collections/metadata:main/items/feb7f9bf-9557-11f0-bd5f-770c6be09b44,https://storage.googleapis.com/fao-gismgr-glosis-data/DATA/GLOSIS/MAPSET/BT-GSNM-SILT-2024/GLOSIS.BT-GSNM-SILT-2024.D-0-30.D-SDEV.tif,http://localhost:8082/?map=/etc/mapserver/BT-GSNM-SILT-2024-0-30-SDEV.map&SERVICE=WMS&VERSION=1.3.0&REQUEST=GetMap&BBOX=4.584249999999999936%2C116.5172270000000054%2C21.22970700000000122%2C126.8480870000000067&CRS=EPSG%3A4326&WIDTH=567&HEIGHT=914&LAYERS=BT-GSNM-SILT-2024-0-30-SDEV&STYLES=&FORMAT=image%2Fpng&DPI=96&MAP_RESOLUTION=96&FORMAT_OPTIONS=dpi%3A96&TRANSPARENT=TRUE,http://localhost:8082/?map=/etc/mapserver/BT-GSNM-SILT-2024-0-30-SDEV.map&SERVICE=WMS&VERSION=1.1.1&LAYER=BT-GSNM-SILT-2024-0-30-SDEV&REQUEST=getlegendgraphic&FORMAT=image/png,http://localhost:8082/?map=/etc/mapserver/BT-GSNM-SILT-2024-0-30-SDEV.map&SERVICE=WMS&VERSION=1.3.0&REQUEST=GetFeatureInfo&LAYERS=BT-GSNM-SILT-2024-0-30-SDEV&STYLES=&FORMAT=image%2Fpng&QUERY_LAYERS=BT-GSNM-SILT-2024-0-30-SDEV&INFO_FORMAT=text%2Fhtml&I=282&J=429
GSOCSEQ,Global Soil Organic Carbon Sequestration potential map,BT-GSOCSEQ-CORGADBAU-2022-0-30-MEAN,TRUE,GSOCseq - Absolute difference business-as-usual,0-30-MEAN,2022-11-11,t/(ha·a),http://localhost:8001/collections/metadata:main/items/feb7f9c1-9557-11f0-bd5f-770c6be09b44,https://storage.googleapis.com/fao-gismgr-glosis-data/DATA/GLOSIS/MAPSET/BT-GSOCSEQ-CORGADBAU-2022/GLOSIS.BT-GSOCSEQ-CORGADBAU-2022.D-0-30.D-MEAN.tif,http://localhost:8082/?map=/etc/mapserver/BT-GSOCSEQ-CORGADBAU-2022-0-30-MEAN.map&SERVICE=WMS&VERSION=1.3.0&REQUEST=GetMap&BBOX=4.584249999999999936%2C116.5172270000000054%2C21.22970700000000122%2C126.8480870000000067&CRS=EPSG%3A4326&WIDTH=567&HEIGHT=914&LAYERS=BT-GSOCSEQ-CORGADBAU-2022-0-30-MEAN&STYLES=&FORMAT=image%2Fpng&DPI=96&MAP_RESOLUTION=96&FORMAT_OPTIONS=dpi%3A96&TRANSPARENT=TRUE,http://localhost:8082/?map=/etc/mapserver/BT-GSOCSEQ-CORGADBAU-2022-0-30-MEAN.map&SERVICE=WMS&VERSION=1.1.1&LAYER=BT-GSOCSEQ-CORGADBAU-2022-0-30-MEAN&REQUEST=getlegendgraphic&FORMAT=image/png,http://localhost:8082/?map=/etc/mapserver/BT-GSOCSEQ-CORGADBAU-2022-0-30-MEAN.map&SERVICE=WMS&VERSION=1.3.0&REQUEST=GetFeatureInfo&LAYERS=BT-GSOCSEQ-CORGADBAU-2022-0-30-MEAN&STYLES=&FORMAT=image%2Fpng&QUERY_LAYERS=BT-GSOCSEQ-CORGADBAU-2022-0-30-MEAN&INFO_FORMAT=text%2Fhtml&I=282&J=429
GSOCSEQ,Global Soil Organic Carbon Sequestration potential map,BT-GSOCSEQ-CORGADSSM1-2022-0-30-MEAN,TRUE,GSOCseq - Absolute difference sustainable soil management 1,0-30-MEAN,2022-11-11,t/(ha·a),http://localhost:8001/collections/metadata:main/items/ff873695-9557-11f0-bd5f-770c6be09b44,https://storage.googleapis.com/fao-gismgr-glosis-data/DATA/GLOSIS/MAPSET/BT-GSOCSEQ-CORGADSSM1-2022/GLOSIS.BT-GSOCSEQ-CORGADSSM1-2022.D-0-30.D-MEAN.tif,http://localhost:8082/?map=/etc/mapserver/BT-GSOCSEQ-CORGADSSM1-2022-0-30-MEAN.map&SERVICE=WMS&VERSION=1.3.0&REQUEST=GetMap&BBOX=4.584249999999999936%2C116.5172270000000054%2C21.22970700000000122%2C126.8480870000000067&CRS=EPSG%3A4326&WIDTH=567&HEIGHT=914&LAYERS=BT-GSOCSEQ-CORGADSSM1-2022-0-30-MEAN&STYLES=&FORMAT=image%2Fpng&DPI=96&MAP_RESOLUTION=96&FORMAT_OPTIONS=dpi%3A96&TRANSPARENT=TRUE,http://localhost:8082/?map=/etc/mapserver/BT-GSOCSEQ-CORGADSSM1-2022-0-30-MEAN.map&SERVICE=WMS&VERSION=1.1.1&LAYER=BT-GSOCSEQ-CORGADSSM1-2022-0-30-MEAN&REQUEST=getlegendgraphic&FORMAT=image/png,http://localhost:8082/?map=/etc/mapserver/BT-GSOCSEQ-CORGADSSM1-2022-0-30-MEAN.map&SERVICE=WMS&VERSION=1.3.0&REQUEST=GetFeatureInfo&LAYERS=BT-GSOCSEQ-CORGADSSM1-2022-0-30-MEAN&STYLES=&FORMAT=image%2Fpng&QUERY_LAYERS=BT-GSOCSEQ-CORGADSSM1-2022-0-30-MEAN&INFO_FORMAT=text%2Fhtml&I=282&J=429
GSOCSEQ,Global Soil Organic Carbon Sequestration potential map,BT-GSOCSEQ-CORGADSSM2-2022-0-30-MEAN,TRUE,GSOCseq - Absolute difference sustainable soil management 2,0-30-MEAN,2022-11-11,t/(ha·a),http://localhost:8001/collections/metadata:main/items/feb7f9b7-9557-11f0-bd5f-770c6be09b44,https://storage.googleapis.com/fao-gismgr-glosis-data/DATA/GLOSIS/MAPSET/BT-GSOCSEQ-CORGADSSM2-2022/GLOSIS.BT-GSOCSEQ-CORGADSSM2-2022.D-0-30.D-MEAN.tif,http://localhost:8082/?map=/etc/mapserver/BT-GSOCSEQ-CORGADSSM2-2022-0-30-MEAN.map&SERVICE=WMS&VERSION=1.3.0&REQUEST=GetMap&BBOX=4.584249999999999936%2C116.5172270000000054%2C21.22970700000000122%2C126.8480870000000067&CRS=EPSG%3A4326&WIDTH=567&HEIGHT=914&LAYERS=BT-GSOCSEQ-CORGADSSM2-2022-0-30-MEAN&STYLES=&FORMAT=image%2Fpng&DPI=96&MAP_RESOLUTION=96&FORMAT_OPTIONS=dpi%3A96&TRANSPARENT=TRUE,http://localhost:8082/?map=/etc/mapserver/BT-GSOCSEQ-CORGADSSM2-2022-0-30-MEAN.map&SERVICE=WMS&VERSION=1.1.1&LAYER=BT-GSOCSEQ-CORGADSSM2-2022-0-30-MEAN&REQUEST=getlegendgraphic&FORMAT=image/png,http://localhost:8082/?map=/etc/mapserver/BT-GSOCSEQ-CORGADSSM2-2022-0-30-MEAN.map&SERVICE=WMS&VERSION=1.3.0&REQUEST=GetFeatureInfo&LAYERS=BT-GSOCSEQ-CORGADSSM2-2022-0-30-MEAN&STYLES=&FORMAT=image%2Fpng&QUERY_LAYERS=BT-GSOCSEQ-CORGADSSM2-2022-0-30-MEAN&INFO_FORMAT=text%2Fhtml&I=282&J=429
GSOCSEQ,Global Soil Organic Carbon Sequestration potential map,BT-GSOCSEQ-CORGADSSM3-2022-0-30-MEAN,TRUE,GSOCseq - Absolute difference sustainable soil management 3,0-30-MEAN,2022-11-11,t/(ha·a),http://localhost:8001/collections/metadata:main/items/ff873699-9557-11f0-bd5f-770c6be09b44,https://storage.googleapis.com/fao-gismgr-glosis-data/DATA/GLOSIS/MAPSET/BT-GSOCSEQ-CORGADSSM3-2022/GLOSIS.BT-GSOCSEQ-CORGADSSM3-2022.D-0-30.D-MEAN.tif,http://localhost:8082/?map=/etc/mapserver/BT-GSOCSEQ-CORGADSSM3-2022-0-30-MEAN.map&SERVICE=WMS&VERSION=1.3.0&REQUEST=GetMap&BBOX=4.584249999999999936%2C116.5172270000000054%2C21.22970700000000122%2C126.8480870000000067&CRS=EPSG%3A4326&WIDTH=567&HEIGHT=914&LAYERS=BT-GSOCSEQ-CORGADSSM3-2022-0-30-MEAN&STYLES=&FORMAT=image%2Fpng&DPI=96&MAP_RESOLUTION=96&FORMAT_OPTIONS=dpi%3A96&TRANSPARENT=TRUE,http://localhost:8082/?map=/etc/mapserver/BT-GSOCSEQ-CORGADSSM3-2022-0-30-MEAN.map&SERVICE=WMS&VERSION=1.1.1&LAYER=BT-GSOCSEQ-CORGADSSM3-2022-0-30-MEAN&REQUEST=getlegendgraphic&FORMAT=image/png,http://localhost:8082/?map=/etc/mapserver/BT-GSOCSEQ-CORGADSSM3-2022-0-30-MEAN.map&SERVICE=WMS&VERSION=1.3.0&REQUEST=GetFeatureInfo&LAYERS=BT-GSOCSEQ-CORGADSSM3-2022-0-30-MEAN&STYLES=&FORMAT=image%2Fpng&QUERY_LAYERS=BT-GSOCSEQ-CORGADSSM3-2022-0-30-MEAN&INFO_FORMAT=text%2Fhtml&I=282&J=429
GSOCSEQ,Global Soil Organic Carbon Sequestration potential map,BT-GSOCSEQ-CORGASRBAU-2022-0-30-MEAN,TRUE,GSOCseq - Absolute sequestration rate business-as-usual,0-30-MEAN,2022-11-11,t/(ha·a),http://localhost:8001/collections/metadata:main/items/feb7f9d4-9557-11f0-bd5f-770c6be09b44,https://storage.googleapis.com/fao-gismgr-glosis-data/DATA/GLOSIS/MAPSET/BT-GSOCSEQ-CORGASRBAU-2022/GLOSIS.BT-GSOCSEQ-CORGASRBAU-2022.D-0-30.D-MEAN.tif,http://localhost:8082/?map=/etc/mapserver/BT-GSOCSEQ-CORGASRBAU-2022-0-30-MEAN.map&SERVICE=WMS&VERSION=1.3.0&REQUEST=GetMap&BBOX=4.584249999999999936%2C116.5172270000000054%2C21.22970700000000122%2C126.8480870000000067&CRS=EPSG%3A4326&WIDTH=567&HEIGHT=914&LAYERS=BT-GSOCSEQ-CORGASRBAU-2022-0-30-MEAN&STYLES=&FORMAT=image%2Fpng&DPI=96&MAP_RESOLUTION=96&FORMAT_OPTIONS=dpi%3A96&TRANSPARENT=TRUE,http://localhost:8082/?map=/etc/mapserver/BT-GSOCSEQ-CORGASRBAU-2022-0-30-MEAN.map&SERVICE=WMS&VERSION=1.1.1&LAYER=BT-GSOCSEQ-CORGASRBAU-2022-0-30-MEAN&REQUEST=getlegendgraphic&FORMAT=image/png,http://localhost:8082/?map=/etc/mapserver/BT-GSOCSEQ-CORGASRBAU-2022-0-30-MEAN.map&SERVICE=WMS&VERSION=1.3.0&REQUEST=GetFeatureInfo&LAYERS=BT-GSOCSEQ-CORGASRBAU-2022-0-30-MEAN&STYLES=&FORMAT=image%2Fpng&QUERY_LAYERS=BT-GSOCSEQ-CORGASRBAU-2022-0-30-MEAN&INFO_FORMAT=text%2Fhtml&I=282&J=429
GSOCSEQ,Global Soil Organic Carbon Sequestration potential map,BT-GSOCSEQ-CORGASRBAU-2022-0-30-UNCT,TRUE,GSOCseq - Absolute sequestration rate business-as-usual,0-30-UNCT,2022-11-11,t/(ha·a),http://localhost:8001/collections/metadata:main/items/feb7f9d4-9557-11f0-bd5f-770c6be09b44,https://storage.googleapis.com/fao-gismgr-glosis-data/DATA/GLOSIS/MAPSET/BT-GSOCSEQ-CORGASRBAU-2022/GLOSIS.BT-GSOCSEQ-CORGASRBAU-2022.D-0-30.D-UNCT.tif,http://localhost:8082/?map=/etc/mapserver/BT-GSOCSEQ-CORGASRBAU-2022-0-30-UNCT.map&SERVICE=WMS&VERSION=1.3.0&REQUEST=GetMap&BBOX=4.584249999999999936%2C116.5172270000000054%2C21.22970700000000122%2C126.8480870000000067&CRS=EPSG%3A4326&WIDTH=567&HEIGHT=914&LAYERS=BT-GSOCSEQ-CORGASRBAU-2022-0-30-UNCT&STYLES=&FORMAT=image%2Fpng&DPI=96&MAP_RESOLUTION=96&FORMAT_OPTIONS=dpi%3A96&TRANSPARENT=TRUE,http://localhost:8082/?map=/etc/mapserver/BT-GSOCSEQ-CORGASRBAU-2022-0-30-UNCT.map&SERVICE=WMS&VERSION=1.1.1&LAYER=BT-GSOCSEQ-CORGASRBAU-2022-0-30-UNCT&REQUEST=getlegendgraphic&FORMAT=image/png,http://localhost:8082/?map=/etc/mapserver/BT-GSOCSEQ-CORGASRBAU-2022-0-30-UNCT.map&SERVICE=WMS&VERSION=1.3.0&REQUEST=GetFeatureInfo&LAYERS=BT-GSOCSEQ-CORGASRBAU-2022-0-30-UNCT&STYLES=&FORMAT=image%2Fpng&QUERY_LAYERS=BT-GSOCSEQ-CORGASRBAU-2022-0-30-UNCT&INFO_FORMAT=text%2Fhtml&I=282&J=429
GSOCSEQ,Global Soil Organic Carbon Sequestration potential map,BT-GSOCSEQ-CORGASRSSM1-2022-0-30-MEAN,TRUE,GSOCseq - Absolute sequestration rate sustainable soil management 1,0-30-MEAN,2022-11-11,t/(ha·a),http://localhost:8001/collections/metadata:main/items/feb7f9d1-9557-11f0-bd5f-770c6be09b44,https://storage.googleapis.com/fao-gismgr-glosis-data/DATA/GLOSIS/MAPSET/BT-GSOCSEQ-CORGASRSSM1-2022/GLOSIS.BT-GSOCSEQ-CORGASRSSM1-2022.D-0-30.D-MEAN.tif,http://localhost:8082/?map=/etc/mapserver/BT-GSOCSEQ-CORGASRSSM1-2022-0-30-MEAN.map&SERVICE=WMS&VERSION=1.3.0&REQUEST=GetMap&BBOX=4.584249999999999936%2C116.5172270000000054%2C21.22970700000000122%2C126.8480870000000067&CRS=EPSG%3A4326&WIDTH=567&HEIGHT=914&LAYERS=BT-GSOCSEQ-CORGASRSSM1-2022-0-30-MEAN&STYLES=&FORMAT=image%2Fpng&DPI=96&MAP_RESOLUTION=96&FORMAT_OPTIONS=dpi%3A96&TRANSPARENT=TRUE,http://localhost:8082/?map=/etc/mapserver/BT-GSOCSEQ-CORGASRSSM1-2022-0-30-MEAN.map&SERVICE=WMS&VERSION=1.1.1&LAYER=BT-GSOCSEQ-CORGASRSSM1-2022-0-30-MEAN&REQUEST=getlegendgraphic&FORMAT=image/png,http://localhost:8082/?map=/etc/mapserver/BT-GSOCSEQ-CORGASRSSM1-2022-0-30-MEAN.map&SERVICE=WMS&VERSION=1.3.0&REQUEST=GetFeatureInfo&LAYERS=BT-GSOCSEQ-CORGASRSSM1-2022-0-30-MEAN&STYLES=&FORMAT=image%2Fpng&QUERY_LAYERS=BT-GSOCSEQ-CORGASRSSM1-2022-0-30-MEAN&INFO_FORMAT=text%2Fhtml&I=282&J=429
GSOCSEQ,Global Soil Organic Carbon Sequestration potential map,BT-GSOCSEQ-CORGASRSSM1-2022-0-30-UNCT,TRUE,GSOCseq - Absolute sequestration rate sustainable soil management 1,0-30-UNCT,2022-11-11,t/(ha·a),http://localhost:8001/collections/metadata:main/items/feb7f9d1-9557-11f0-bd5f-770c6be09b44,https://storage.googleapis.com/fao-gismgr-glosis-data/DATA/GLOSIS/MAPSET/BT-GSOCSEQ-CORGASRSSM1-2022/GLOSIS.BT-GSOCSEQ-CORGASRSSM1-2022.D-0-30.D-UNCT.tif,http://localhost:8082/?map=/etc/mapserver/BT-GSOCSEQ-CORGASRSSM1-2022-0-30-UNCT.map&SERVICE=WMS&VERSION=1.3.0&REQUEST=GetMap&BBOX=4.584249999999999936%2C116.5172270000000054%2C21.22970700000000122%2C126.8480870000000067&CRS=EPSG%3A4326&WIDTH=567&HEIGHT=914&LAYERS=BT-GSOCSEQ-CORGASRSSM1-2022-0-30-UNCT&STYLES=&FORMAT=image%2Fpng&DPI=96&MAP_RESOLUTION=96&FORMAT_OPTIONS=dpi%3A96&TRANSPARENT=TRUE,http://localhost:8082/?map=/etc/mapserver/BT-GSOCSEQ-CORGASRSSM1-2022-0-30-UNCT.map&SERVICE=WMS&VERSION=1.1.1&LAYER=BT-GSOCSEQ-CORGASRSSM1-2022-0-30-UNCT&REQUEST=getlegendgraphic&FORMAT=image/png,http://localhost:8082/?map=/etc/mapserver/BT-GSOCSEQ-CORGASRSSM1-2022-0-30-UNCT.map&SERVICE=WMS&VERSION=1.3.0&REQUEST=GetFeatureInfo&LAYERS=BT-GSOCSEQ-CORGASRSSM1-2022-0-30-UNCT&STYLES=&FORMAT=image%2Fpng&QUERY_LAYERS=BT-GSOCSEQ-CORGASRSSM1-2022-0-30-UNCT&INFO_FORMAT=text%2Fhtml&I=282&J=429
GSOCSEQ,Global Soil Organic Carbon Sequestration potential map,BT-GSOCSEQ-CORGASRSSM2-2022-0-30-MEAN,TRUE,GSOCseq - Absolute sequestration rate sustainable soil management 2,0-30-MEAN,2022-11-11,t/(ha·a),http://localhost:8001/collections/metadata:main/items/ff8736a5-9557-11f0-bd5f-770c6be09b44,https://storage.googleapis.com/fao-gismgr-glosis-data/DATA/GLOSIS/MAPSET/BT-GSOCSEQ-CORGASRSSM2-2022/GLOSIS.BT-GSOCSEQ-CORGASRSSM2-2022.D-0-30.D-MEAN.tif,http://localhost:8082/?map=/etc/mapserver/BT-GSOCSEQ-CORGASRSSM2-2022-0-30-MEAN.map&SERVICE=WMS&VERSION=1.3.0&REQUEST=GetMap&BBOX=4.584249999999999936%2C116.5172270000000054%2C21.22970700000000122%2C126.8480870000000067&CRS=EPSG%3A4326&WIDTH=567&HEIGHT=914&LAYERS=BT-GSOCSEQ-CORGASRSSM2-2022-0-30-MEAN&STYLES=&FORMAT=image%2Fpng&DPI=96&MAP_RESOLUTION=96&FORMAT_OPTIONS=dpi%3A96&TRANSPARENT=TRUE,http://localhost:8082/?map=/etc/mapserver/BT-GSOCSEQ-CORGASRSSM2-2022-0-30-MEAN.map&SERVICE=WMS&VERSION=1.1.1&LAYER=BT-GSOCSEQ-CORGASRSSM2-2022-0-30-MEAN&REQUEST=getlegendgraphic&FORMAT=image/png,http://localhost:8082/?map=/etc/mapserver/BT-GSOCSEQ-CORGASRSSM2-2022-0-30-MEAN.map&SERVICE=WMS&VERSION=1.3.0&REQUEST=GetFeatureInfo&LAYERS=BT-GSOCSEQ-CORGASRSSM2-2022-0-30-MEAN&STYLES=&FORMAT=image%2Fpng&QUERY_LAYERS=BT-GSOCSEQ-CORGASRSSM2-2022-0-30-MEAN&INFO_FORMAT=text%2Fhtml&I=282&J=429
GSOCSEQ,Global Soil Organic Carbon Sequestration potential map,BT-GSOCSEQ-CORGASRSSM2-2022-0-30-UNCT,TRUE,GSOCseq - Absolute sequestration rate sustainable soil management 2,0-30-UNCT,2022-11-11,t/(ha·a),http://localhost:8001/collections/metadata:main/items/ff8736a5-9557-11f0-bd5f-770c6be09b44,https://storage.googleapis.com/fao-gismgr-glosis-data/DATA/GLOSIS/MAPSET/BT-GSOCSEQ-CORGASRSSM2-2022/GLOSIS.BT-GSOCSEQ-CORGASRSSM2-2022.D-0-30.D-UNCT.tif,http://localhost:8082/?map=/etc/mapserver/BT-GSOCSEQ-CORGASRSSM2-2022-0-30-UNCT.map&SERVICE=WMS&VERSION=1.3.0&REQUEST=GetMap&BBOX=4.584249999999999936%2C116.5172270000000054%2C21.22970700000000122%2C126.8480870000000067&CRS=EPSG%3A4326&WIDTH=567&HEIGHT=914&LAYERS=BT-GSOCSEQ-CORGASRSSM2-2022-0-30-UNCT&STYLES=&FORMAT=image%2Fpng&DPI=96&MAP_RESOLUTION=96&FORMAT_OPTIONS=dpi%3A96&TRANSPARENT=TRUE,http://localhost:8082/?map=/etc/mapserver/BT-GSOCSEQ-CORGASRSSM2-2022-0-30-UNCT.map&SERVICE=WMS&VERSION=1.1.1&LAYER=BT-GSOCSEQ-CORGASRSSM2-2022-0-30-UNCT&REQUEST=getlegendgraphic&FORMAT=image/png,http://localhost:8082/?map=/etc/mapserver/BT-GSOCSEQ-CORGASRSSM2-2022-0-30-UNCT.map&SERVICE=WMS&VERSION=1.3.0&REQUEST=GetFeatureInfo&LAYERS=BT-GSOCSEQ-CORGASRSSM2-2022-0-30-UNCT&STYLES=&FORMAT=image%2Fpng&QUERY_LAYERS=BT-GSOCSEQ-CORGASRSSM2-2022-0-30-UNCT&INFO_FORMAT=text%2Fhtml&I=282&J=429
GSOCSEQ,Global Soil Organic Carbon Sequestration potential map,BT-GSOCSEQ-CORGASRSSM3-2022-0-30-MEAN,TRUE,GSOCseq - Absolute sequestration rate sustainable soil management 3,0-30-MEAN,2022-11-11,t/(ha·a),http://localhost:8001/collections/metadata:main/items/feb7f9d2-9557-11f0-bd5f-770c6be09b44,https://storage.googleapis.com/fao-gismgr-glosis-data/DATA/GLOSIS/MAPSET/BT-GSOCSEQ-CORGASRSSM3-2022/GLOSIS.BT-GSOCSEQ-CORGASRSSM3-2022.D-0-30.D-MEAN.tif,http://localhost:8082/?map=/etc/mapserver/BT-GSOCSEQ-CORGASRSSM3-2022-0-30-MEAN.map&SERVICE=WMS&VERSION=1.3.0&REQUEST=GetMap&BBOX=4.584249999999999936%2C116.5172270000000054%2C21.22970700000000122%2C126.8480870000000067&CRS=EPSG%3A4326&WIDTH=567&HEIGHT=914&LAYERS=BT-GSOCSEQ-CORGASRSSM3-2022-0-30-MEAN&STYLES=&FORMAT=image%2Fpng&DPI=96&MAP_RESOLUTION=96&FORMAT_OPTIONS=dpi%3A96&TRANSPARENT=TRUE,http://localhost:8082/?map=/etc/mapserver/BT-GSOCSEQ-CORGASRSSM3-2022-0-30-MEAN.map&SERVICE=WMS&VERSION=1.1.1&LAYER=BT-GSOCSEQ-CORGASRSSM3-2022-0-30-MEAN&REQUEST=getlegendgraphic&FORMAT=image/png,http://localhost:8082/?map=/etc/mapserver/BT-GSOCSEQ-CORGASRSSM3-2022-0-30-MEAN.map&SERVICE=WMS&VERSION=1.3.0&REQUEST=GetFeatureInfo&LAYERS=BT-GSOCSEQ-CORGASRSSM3-2022-0-30-MEAN&STYLES=&FORMAT=image%2Fpng&QUERY_LAYERS=BT-GSOCSEQ-CORGASRSSM3-2022-0-30-MEAN&INFO_FORMAT=text%2Fhtml&I=282&J=429
GSOCSEQ,Global Soil Organic Carbon Sequestration potential map,BT-GSOCSEQ-CORGASRSSM3-2022-0-30-UNCT,TRUE,GSOCseq - Absolute sequestration rate sustainable soil management 3,0-30-UNCT,2022-11-11,t/(ha·a),http://localhost:8001/collections/metadata:main/items/feb7f9d2-9557-11f0-bd5f-770c6be09b44,https://storage.googleapis.com/fao-gismgr-glosis-data/DATA/GLOSIS/MAPSET/BT-GSOCSEQ-CORGASRSSM3-2022/GLOSIS.BT-GSOCSEQ-CORGASRSSM3-2022.D-0-30.D-UNCT.tif,http://localhost:8082/?map=/etc/mapserver/BT-GSOCSEQ-CORGASRSSM3-2022-0-30-UNCT.map&SERVICE=WMS&VERSION=1.3.0&REQUEST=GetMap&BBOX=4.584249999999999936%2C116.5172270000000054%2C21.22970700000000122%2C126.8480870000000067&CRS=EPSG%3A4326&WIDTH=567&HEIGHT=914&LAYERS=BT-GSOCSEQ-CORGASRSSM3-2022-0-30-UNCT&STYLES=&FORMAT=image%2Fpng&DPI=96&MAP_RESOLUTION=96&FORMAT_OPTIONS=dpi%3A96&TRANSPARENT=TRUE,http://localhost:8082/?map=/etc/mapserver/BT-GSOCSEQ-CORGASRSSM3-2022-0-30-UNCT.map&SERVICE=WMS&VERSION=1.1.1&LAYER=BT-GSOCSEQ-CORGASRSSM3-2022-0-30-UNCT&REQUEST=getlegendgraphic&FORMAT=image/png,http://localhost:8082/?map=/etc/mapserver/BT-GSOCSEQ-CORGASRSSM3-2022-0-30-UNCT.map&SERVICE=WMS&VERSION=1.3.0&REQUEST=GetFeatureInfo&LAYERS=BT-GSOCSEQ-CORGASRSSM3-2022-0-30-UNCT&STYLES=&FORMAT=image%2Fpng&QUERY_LAYERS=BT-GSOCSEQ-CORGASRSSM3-2022-0-30-UNCT&INFO_FORMAT=text%2Fhtml&I=282&J=429
GSOCSEQ,Global Soil Organic Carbon Sequestration potential map,BT-GSOCSEQ-CORGRDSSM1-2022-0-30-MEAN,TRUE,GSOCseq - Relative difference sustainable soil management 1,0-30-MEAN,2022-11-11,t/(ha·a),http://localhost:8001/collections/metadata:main/items/ff87369a-9557-11f0-bd5f-770c6be09b44,https://storage.googleapis.com/fao-gismgr-glosis-data/DATA/GLOSIS/MAPSET/BT-GSOCSEQ-CORGRDSSM1-2022/GLOSIS.BT-GSOCSEQ-CORGRDSSM1-2022.D-0-30.D-MEAN.tif,http://localhost:8082/?map=/etc/mapserver/BT-GSOCSEQ-CORGRDSSM1-2022-0-30-MEAN.map&SERVICE=WMS&VERSION=1.3.0&REQUEST=GetMap&BBOX=4.584249999999999936%2C116.5172270000000054%2C21.22970700000000122%2C126.8480870000000067&CRS=EPSG%3A4326&WIDTH=567&HEIGHT=914&LAYERS=BT-GSOCSEQ-CORGRDSSM1-2022-0-30-MEAN&STYLES=&FORMAT=image%2Fpng&DPI=96&MAP_RESOLUTION=96&FORMAT_OPTIONS=dpi%3A96&TRANSPARENT=TRUE,http://localhost:8082/?map=/etc/mapserver/BT-GSOCSEQ-CORGRDSSM1-2022-0-30-MEAN.map&SERVICE=WMS&VERSION=1.1.1&LAYER=BT-GSOCSEQ-CORGRDSSM1-2022-0-30-MEAN&REQUEST=getlegendgraphic&FORMAT=image/png,http://localhost:8082/?map=/etc/mapserver/BT-GSOCSEQ-CORGRDSSM1-2022-0-30-MEAN.map&SERVICE=WMS&VERSION=1.3.0&REQUEST=GetFeatureInfo&LAYERS=BT-GSOCSEQ-CORGRDSSM1-2022-0-30-MEAN&STYLES=&FORMAT=image%2Fpng&QUERY_LAYERS=BT-GSOCSEQ-CORGRDSSM1-2022-0-30-MEAN&INFO_FORMAT=text%2Fhtml&I=282&J=429
GSOCSEQ,Global Soil Organic Carbon Sequestration potential map,BT-GSOCSEQ-CORGRDSSM2-2022-0-30-MEAN,TRUE,GSOCseq - Relative difference sustainable soil management 2,0-30-MEAN,2022-11-11,t/(ha·a),http://localhost:8001/collections/metadata:main/items/feb7f9cd-9557-11f0-bd5f-770c6be09b44,https://storage.googleapis.com/fao-gismgr-glosis-data/DATA/GLOSIS/MAPSET/BT-GSOCSEQ-CORGRDSSM2-2022/GLOSIS.BT-GSOCSEQ-CORGRDSSM2-2022.D-0-30.D-MEAN.tif,http://localhost:8082/?map=/etc/mapserver/BT-GSOCSEQ-CORGRDSSM2-2022-0-30-MEAN.map&SERVICE=WMS&VERSION=1.3.0&REQUEST=GetMap&BBOX=4.584249999999999936%2C116.5172270000000054%2C21.22970700000000122%2C126.8480870000000067&CRS=EPSG%3A4326&WIDTH=567&HEIGHT=914&LAYERS=BT-GSOCSEQ-CORGRDSSM2-2022-0-30-MEAN&STYLES=&FORMAT=image%2Fpng&DPI=96&MAP_RESOLUTION=96&FORMAT_OPTIONS=dpi%3A96&TRANSPARENT=TRUE,http://localhost:8082/?map=/etc/mapserver/BT-GSOCSEQ-CORGRDSSM2-2022-0-30-MEAN.map&SERVICE=WMS&VERSION=1.1.1&LAYER=BT-GSOCSEQ-CORGRDSSM2-2022-0-30-MEAN&REQUEST=getlegendgraphic&FORMAT=image/png,http://localhost:8082/?map=/etc/mapserver/BT-GSOCSEQ-CORGRDSSM2-2022-0-30-MEAN.map&SERVICE=WMS&VERSION=1.3.0&REQUEST=GetFeatureInfo&LAYERS=BT-GSOCSEQ-CORGRDSSM2-2022-0-30-MEAN&STYLES=&FORMAT=image%2Fpng&QUERY_LAYERS=BT-GSOCSEQ-CORGRDSSM2-2022-0-30-MEAN&INFO_FORMAT=text%2Fhtml&I=282&J=429
GSOCSEQ,Global Soil Organic Carbon Sequestration potential map,BT-GSOCSEQ-CORGRDSSM3-2022-0-30-MEAN,TRUE,GSOCseq - Relative difference sustainable soil management 3,0-30-MEAN,2022-11-11,t/(ha·a),http://localhost:8001/collections/metadata:main/items/feb7f9ce-9557-11f0-bd5f-770c6be09b44,https://storage.googleapis.com/fao-gismgr-glosis-data/DATA/GLOSIS/MAPSET/BT-GSOCSEQ-CORGRDSSM3-2022/GLOSIS.BT-GSOCSEQ-CORGRDSSM3-2022.D-0-30.D-MEAN.tif,http://localhost:8082/?map=/etc/mapserver/BT-GSOCSEQ-CORGRDSSM3-2022-0-30-MEAN.map&SERVICE=WMS&VERSION=1.3.0&REQUEST=GetMap&BBOX=4.584249999999999936%2C116.5172270000000054%2C21.22970700000000122%2C126.8480870000000067&CRS=EPSG%3A4326&WIDTH=567&HEIGHT=914&LAYERS=BT-GSOCSEQ-CORGRDSSM3-2022-0-30-MEAN&STYLES=&FORMAT=image%2Fpng&DPI=96&MAP_RESOLUTION=96&FORMAT_OPTIONS=dpi%3A96&TRANSPARENT=TRUE,http://localhost:8082/?map=/etc/mapserver/BT-GSOCSEQ-CORGRDSSM3-2022-0-30-MEAN.map&SERVICE=WMS&VERSION=1.1.1&LAYER=BT-GSOCSEQ-CORGRDSSM3-2022-0-30-MEAN&REQUEST=getlegendgraphic&FORMAT=image/png,http://localhost:8082/?map=/etc/mapserver/BT-GSOCSEQ-CORGRDSSM3-2022-0-30-MEAN.map&SERVICE=WMS&VERSION=1.3.0&REQUEST=GetFeatureInfo&LAYERS=BT-GSOCSEQ-CORGRDSSM3-2022-0-30-MEAN&STYLES=&FORMAT=image%2Fpng&QUERY_LAYERS=BT-GSOCSEQ-CORGRDSSM3-2022-0-30-MEAN&INFO_FORMAT=text%2Fhtml&I=282&J=429
GSOCSEQ,Global Soil Organic Carbon Sequestration potential map,BT-GSOCSEQ-CORGRSRSSM1-2022-0-30-MEAN,TRUE,GSOCseq - Relative sequestration rate sustainable soil management 1,0-30-MEAN,2022-11-11,t/(ha·a),http://localhost:8001/collections/metadata:main/items/feb7f9cf-9557-11f0-bd5f-770c6be09b44,https://storage.googleapis.com/fao-gismgr-glosis-data/DATA/GLOSIS/MAPSET/BT-GSOCSEQ-CORGRSRSSM1-2022/GLOSIS.BT-GSOCSEQ-CORGRSRSSM1-2022.D-0-30.D-MEAN.tif,http://localhost:8082/?map=/etc/mapserver/BT-GSOCSEQ-CORGRSRSSM1-2022-0-30-MEAN.map&SERVICE=WMS&VERSION=1.3.0&REQUEST=GetMap&BBOX=4.584249999999999936%2C116.5172270000000054%2C21.22970700000000122%2C126.8480870000000067&CRS=EPSG%3A4326&WIDTH=567&HEIGHT=914&LAYERS=BT-GSOCSEQ-CORGRSRSSM1-2022-0-30-MEAN&STYLES=&FORMAT=image%2Fpng&DPI=96&MAP_RESOLUTION=96&FORMAT_OPTIONS=dpi%3A96&TRANSPARENT=TRUE,http://localhost:8082/?map=/etc/mapserver/BT-GSOCSEQ-CORGRSRSSM1-2022-0-30-MEAN.map&SERVICE=WMS&VERSION=1.1.1&LAYER=BT-GSOCSEQ-CORGRSRSSM1-2022-0-30-MEAN&REQUEST=getlegendgraphic&FORMAT=image/png,http://localhost:8082/?map=/etc/mapserver/BT-GSOCSEQ-CORGRSRSSM1-2022-0-30-MEAN.map&SERVICE=WMS&VERSION=1.3.0&REQUEST=GetFeatureInfo&LAYERS=BT-GSOCSEQ-CORGRSRSSM1-2022-0-30-MEAN&STYLES=&FORMAT=image%2Fpng&QUERY_LAYERS=BT-GSOCSEQ-CORGRSRSSM1-2022-0-30-MEAN&INFO_FORMAT=text%2Fhtml&I=282&J=429
GSOCSEQ,Global Soil Organic Carbon Sequestration potential map,BT-GSOCSEQ-CORGRSRSSM1-2022-0-30-UNCT,TRUE,GSOCseq - Relative sequestration rate sustainable soil management 1,0-30-UNCT,2022-11-11,t/(ha·a),http://localhost:8001/collections/metadata:main/items/feb7f9cf-9557-11f0-bd5f-770c6be09b44,https://storage.googleapis.com/fao-gismgr-glosis-data/DATA/GLOSIS/MAPSET/BT-GSOCSEQ-CORGRSRSSM1-2022/GLOSIS.BT-GSOCSEQ-CORGRSRSSM1-2022.D-0-30.D-UNCT.tif,http://localhost:8082/?map=/etc/mapserver/BT-GSOCSEQ-CORGRSRSSM1-2022-0-30-UNCT.map&SERVICE=WMS&VERSION=1.3.0&REQUEST=GetMap&BBOX=4.584249999999999936%2C116.5172270000000054%2C21.22970700000000122%2C126.8480870000000067&CRS=EPSG%3A4326&WIDTH=567&HEIGHT=914&LAYERS=BT-GSOCSEQ-CORGRSRSSM1-2022-0-30-UNCT&STYLES=&FORMAT=image%2Fpng&DPI=96&MAP_RESOLUTION=96&FORMAT_OPTIONS=dpi%3A96&TRANSPARENT=TRUE,http://localhost:8082/?map=/etc/mapserver/BT-GSOCSEQ-CORGRSRSSM1-2022-0-30-UNCT.map&SERVICE=WMS&VERSION=1.1.1&LAYER=BT-GSOCSEQ-CORGRSRSSM1-2022-0-30-UNCT&REQUEST=getlegendgraphic&FORMAT=image/png,http://localhost:8082/?map=/etc/mapserver/BT-GSOCSEQ-CORGRSRSSM1-2022-0-30-UNCT.map&SERVICE=WMS&VERSION=1.3.0&REQUEST=GetFeatureInfo&LAYERS=BT-GSOCSEQ-CORGRSRSSM1-2022-0-30-UNCT&STYLES=&FORMAT=image%2Fpng&QUERY_LAYERS=BT-GSOCSEQ-CORGRSRSSM1-2022-0-30-UNCT&INFO_FORMAT=text%2Fhtml&I=282&J=429
GSOCSEQ,Global Soil Organic Carbon Sequestration potential map,BT-GSOCSEQ-CORGRSRSSM2-2022-0-30-MEAN,TRUE,GSOCseq - Relative sequestration rate sustainable soil management 2,0-30-MEAN,2022-11-11,t/(ha·a),http://localhost:8001/collections/metadata:main/items/ff873698-9557-11f0-bd5f-770c6be09b44,https://storage.googleapis.com/fao-gismgr-glosis-data/DATA/GLOSIS/MAPSET/BT-GSOCSEQ-CORGRSRSSM2-2022/GLOSIS.BT-GSOCSEQ-CORGRSRSSM2-2022.D-0-30.D-MEAN.tif,http://localhost:8082/?map=/etc/mapserver/BT-GSOCSEQ-CORGRSRSSM2-2022-0-30-MEAN.map&SERVICE=WMS&VERSION=1.3.0&REQUEST=GetMap&BBOX=4.584249999999999936%2C116.5172270000000054%2C21.22970700000000122%2C126.8480870000000067&CRS=EPSG%3A4326&WIDTH=567&HEIGHT=914&LAYERS=BT-GSOCSEQ-CORGRSRSSM2-2022-0-30-MEAN&STYLES=&FORMAT=image%2Fpng&DPI=96&MAP_RESOLUTION=96&FORMAT_OPTIONS=dpi%3A96&TRANSPARENT=TRUE,http://localhost:8082/?map=/etc/mapserver/BT-GSOCSEQ-CORGRSRSSM2-2022-0-30-MEAN.map&SERVICE=WMS&VERSION=1.1.1&LAYER=BT-GSOCSEQ-CORGRSRSSM2-2022-0-30-MEAN&REQUEST=getlegendgraphic&FORMAT=image/png,http://localhost:8082/?map=/etc/mapserver/BT-GSOCSEQ-CORGRSRSSM2-2022-0-30-MEAN.map&SERVICE=WMS&VERSION=1.3.0&REQUEST=GetFeatureInfo&LAYERS=BT-GSOCSEQ-CORGRSRSSM2-2022-0-30-MEAN&STYLES=&FORMAT=image%2Fpng&QUERY_LAYERS=BT-GSOCSEQ-CORGRSRSSM2-2022-0-30-MEAN&INFO_FORMAT=text%2Fhtml&I=282&J=429
GSOCSEQ,Global Soil Organic Carbon Sequestration potential map,BT-GSOCSEQ-CORGRSRSSM2-2022-0-30-UNCT,TRUE,GSOCseq - Relative sequestration rate sustainable soil management 2,0-30-UNCT,2022-11-11,t/(ha·a),http://localhost:8001/collections/metadata:main/items/ff873698-9557-11f0-bd5f-770c6be09b44,https://storage.googleapis.com/fao-gismgr-glosis-data/DATA/GLOSIS/MAPSET/BT-GSOCSEQ-CORGRSRSSM2-2022/GLOSIS.BT-GSOCSEQ-CORGRSRSSM2-2022.D-0-30.D-UNCT.tif,http://localhost:8082/?map=/etc/mapserver/BT-GSOCSEQ-CORGRSRSSM2-2022-0-30-UNCT.map&SERVICE=WMS&VERSION=1.3.0&REQUEST=GetMap&BBOX=4.584249999999999936%2C116.5172270000000054%2C21.22970700000000122%2C126.8480870000000067&CRS=EPSG%3A4326&WIDTH=567&HEIGHT=914&LAYERS=BT-GSOCSEQ-CORGRSRSSM2-2022-0-30-UNCT&STYLES=&FORMAT=image%2Fpng&DPI=96&MAP_RESOLUTION=96&FORMAT_OPTIONS=dpi%3A96&TRANSPARENT=TRUE,http://localhost:8082/?map=/etc/mapserver/BT-GSOCSEQ-CORGRSRSSM2-2022-0-30-UNCT.map&SERVICE=WMS&VERSION=1.1.1&LAYER=BT-GSOCSEQ-CORGRSRSSM2-2022-0-30-UNCT&REQUEST=getlegendgraphic&FORMAT=image/png,http://localhost:8082/?map=/etc/mapserver/BT-GSOCSEQ-CORGRSRSSM2-2022-0-30-UNCT.map&SERVICE=WMS&VERSION=1.3.0&REQUEST=GetFeatureInfo&LAYERS=BT-GSOCSEQ-CORGRSRSSM2-2022-0-30-UNCT&STYLES=&FORMAT=image%2Fpng&QUERY_LAYERS=BT-GSOCSEQ-CORGRSRSSM2-2022-0-30-UNCT&INFO_FORMAT=text%2Fhtml&I=282&J=429
GSOCSEQ,Global Soil Organic Carbon Sequestration potential map,BT-GSOCSEQ-CORGRSRSSM3-2022-0-30-MEAN,TRUE,GSOCseq - Relative sequestration rate sustainable soil management 3,0-30-MEAN,2022-11-11,t/(ha·a),http://localhost:8001/collections/metadata:main/items/feb7f9be-9557-11f0-bd5f-770c6be09b44,https://storage.googleapis.com/fao-gismgr-glosis-data/DATA/GLOSIS/MAPSET/BT-GSOCSEQ-CORGRSRSSM3-2022/GLOSIS.BT-GSOCSEQ-CORGRSRSSM3-2022.D-0-30.D-MEAN.tif,http://localhost:8082/?map=/etc/mapserver/BT-GSOCSEQ-CORGRSRSSM3-2022-0-30-MEAN.map&SERVICE=WMS&VERSION=1.3.0&REQUEST=GetMap&BBOX=4.584249999999999936%2C116.5172270000000054%2C21.22970700000000122%2C126.8480870000000067&CRS=EPSG%3A4326&WIDTH=567&HEIGHT=914&LAYERS=BT-GSOCSEQ-CORGRSRSSM3-2022-0-30-MEAN&STYLES=&FORMAT=image%2Fpng&DPI=96&MAP_RESOLUTION=96&FORMAT_OPTIONS=dpi%3A96&TRANSPARENT=TRUE,http://localhost:8082/?map=/etc/mapserver/BT-GSOCSEQ-CORGRSRSSM3-2022-0-30-MEAN.map&SERVICE=WMS&VERSION=1.1.1&LAYER=BT-GSOCSEQ-CORGRSRSSM3-2022-0-30-MEAN&REQUEST=getlegendgraphic&FORMAT=image/png,http://localhost:8082/?map=/etc/mapserver/BT-GSOCSEQ-CORGRSRSSM3-2022-0-30-MEAN.map&SERVICE=WMS&VERSION=1.3.0&REQUEST=GetFeatureInfo&LAYERS=BT-GSOCSEQ-CORGRSRSSM3-2022-0-30-MEAN&STYLES=&FORMAT=image%2Fpng&QUERY_LAYERS=BT-GSOCSEQ-CORGRSRSSM3-2022-0-30-MEAN&INFO_FORMAT=text%2Fhtml&I=282&J=429
GSOCSEQ,Global Soil Organic Carbon Sequestration potential map,BT-GSOCSEQ-CORGRSRSSM3-2022-0-30-UNCT,TRUE,GSOCseq - Relative sequestration rate sustainable soil management 3,0-30-UNCT,2022-11-11,t/(ha·a),http://localhost:8001/collections/metadata:main/items/feb7f9be-9557-11f0-bd5f-770c6be09b44,https://storage.googleapis.com/fao-gismgr-glosis-data/DATA/GLOSIS/MAPSET/BT-GSOCSEQ-CORGRSRSSM3-2022/GLOSIS.BT-GSOCSEQ-CORGRSRSSM3-2022.D-0-30.D-UNCT.tif,http://localhost:8082/?map=/etc/mapserver/BT-GSOCSEQ-CORGRSRSSM3-2022-0-30-UNCT.map&SERVICE=WMS&VERSION=1.3.0&REQUEST=GetMap&BBOX=4.584249999999999936%2C116.5172270000000054%2C21.22970700000000122%2C126.8480870000000067&CRS=EPSG%3A4326&WIDTH=567&HEIGHT=914&LAYERS=BT-GSOCSEQ-CORGRSRSSM3-2022-0-30-UNCT&STYLES=&FORMAT=image%2Fpng&DPI=96&MAP_RESOLUTION=96&FORMAT_OPTIONS=dpi%3A96&TRANSPARENT=TRUE,http://localhost:8082/?map=/etc/mapserver/BT-GSOCSEQ-CORGRSRSSM3-2022-0-30-UNCT.map&SERVICE=WMS&VERSION=1.1.1&LAYER=BT-GSOCSEQ-CORGRSRSSM3-2022-0-30-UNCT&REQUEST=getlegendgraphic&FORMAT=image/png,http://localhost:8082/?map=/etc/mapserver/BT-GSOCSEQ-CORGRSRSSM3-2022-0-30-UNCT.map&SERVICE=WMS&VERSION=1.3.0&REQUEST=GetFeatureInfo&LAYERS=BT-GSOCSEQ-CORGRSRSSM3-2022-0-30-UNCT&STYLES=&FORMAT=image%2Fpng&QUERY_LAYERS=BT-GSOCSEQ-CORGRSRSSM3-2022-0-30-UNCT&INFO_FORMAT=text%2Fhtml&I=282&J=429
GSOCSEQ,Global Soil Organic Carbon Sequestration potential map,BT-GSOCSEQ-CORGSOCBAU-2022-0-30-MEAN,TRUE,GSOCseq - Final SOC stocks after 20 years - business-as-usual,0-30-MEAN,2022-11-11,t/(ha·a),http://localhost:8001/collections/metadata:main/items/ff873694-9557-11f0-bd5f-770c6be09b44,https://storage.googleapis.com/fao-gismgr-glosis-data/DATA/GLOSIS/MAPSET/BT-GSOCSEQ-CORGSOCBAU-2022/GLOSIS.BT-GSOCSEQ-CORGSOCBAU-2022.D-0-30.D-MEAN.tif,http://localhost:8082/?map=/etc/mapserver/BT-GSOCSEQ-CORGSOCBAU-2022-0-30-MEAN.map&SERVICE=WMS&VERSION=1.3.0&REQUEST=GetMap&BBOX=4.584249999999999936%2C116.5172270000000054%2C21.22970700000000122%2C126.8480870000000067&CRS=EPSG%3A4326&WIDTH=567&HEIGHT=914&LAYERS=BT-GSOCSEQ-CORGSOCBAU-2022-0-30-MEAN&STYLES=&FORMAT=image%2Fpng&DPI=96&MAP_RESOLUTION=96&FORMAT_OPTIONS=dpi%3A96&TRANSPARENT=TRUE,http://localhost:8082/?map=/etc/mapserver/BT-GSOCSEQ-CORGSOCBAU-2022-0-30-MEAN.map&SERVICE=WMS&VERSION=1.1.1&LAYER=BT-GSOCSEQ-CORGSOCBAU-2022-0-30-MEAN&REQUEST=getlegendgraphic&FORMAT=image/png,http://localhost:8082/?map=/etc/mapserver/BT-GSOCSEQ-CORGSOCBAU-2022-0-30-MEAN.map&SERVICE=WMS&VERSION=1.3.0&REQUEST=GetFeatureInfo&LAYERS=BT-GSOCSEQ-CORGSOCBAU-2022-0-30-MEAN&STYLES=&FORMAT=image%2Fpng&QUERY_LAYERS=BT-GSOCSEQ-CORGSOCBAU-2022-0-30-MEAN&INFO_FORMAT=text%2Fhtml&I=282&J=429
GSOCSEQ,Global Soil Organic Carbon Sequestration potential map,BT-GSOCSEQ-CORGSOCBAU-2022-0-30-UNCT,TRUE,GSOCseq - Final SOC stocks after 20 years - business-as-usual,0-30-UNCT,2022-11-11,t/(ha·a),http://localhost:8001/collections/metadata:main/items/ff873694-9557-11f0-bd5f-770c6be09b44,https://storage.googleapis.com/fao-gismgr-glosis-data/DATA/GLOSIS/MAPSET/BT-GSOCSEQ-CORGSOCBAU-2022/GLOSIS.BT-GSOCSEQ-CORGSOCBAU-2022.D-0-30.D-UNCT.tif,http://localhost:8082/?map=/etc/mapserver/BT-GSOCSEQ-CORGSOCBAU-2022-0-30-UNCT.map&SERVICE=WMS&VERSION=1.3.0&REQUEST=GetMap&BBOX=4.584249999999999936%2C116.5172270000000054%2C21.22970700000000122%2C126.8480870000000067&CRS=EPSG%3A4326&WIDTH=567&HEIGHT=914&LAYERS=BT-GSOCSEQ-CORGSOCBAU-2022-0-30-UNCT&STYLES=&FORMAT=image%2Fpng&DPI=96&MAP_RESOLUTION=96&FORMAT_OPTIONS=dpi%3A96&TRANSPARENT=TRUE,http://localhost:8082/?map=/etc/mapserver/BT-GSOCSEQ-CORGSOCBAU-2022-0-30-UNCT.map&SERVICE=WMS&VERSION=1.1.1&LAYER=BT-GSOCSEQ-CORGSOCBAU-2022-0-30-UNCT&REQUEST=getlegendgraphic&FORMAT=image/png,http://localhost:8082/?map=/etc/mapserver/BT-GSOCSEQ-CORGSOCBAU-2022-0-30-UNCT.map&SERVICE=WMS&VERSION=1.3.0&REQUEST=GetFeatureInfo&LAYERS=BT-GSOCSEQ-CORGSOCBAU-2022-0-30-UNCT&STYLES=&FORMAT=image%2Fpng&QUERY_LAYERS=BT-GSOCSEQ-CORGSOCBAU-2022-0-30-UNCT&INFO_FORMAT=text%2Fhtml&I=282&J=429
GSOCSEQ,Global Soil Organic Carbon Sequestration potential map,BT-GSOCSEQ-CORGSOCSSM1-2022-0-30-MEAN,TRUE,GSOCseq - Final SOC stocks after 20 years - sustainable soil management 1,0-30-MEAN,2022-11-11,t/(ha·a),http://localhost:8001/collections/metadata:main/items/feb7f9b6-9557-11f0-bd5f-770c6be09b44,https://storage.googleapis.com/fao-gismgr-glosis-data/DATA/GLOSIS/MAPSET/BT-GSOCSEQ-CORGSOCSSM1-2022/GLOSIS.BT-GSOCSEQ-CORGSOCSSM1-2022.D-0-30.D-MEAN.tif,http://localhost:8082/?map=/etc/mapserver/BT-GSOCSEQ-CORGSOCSSM1-2022-0-30-MEAN.map&SERVICE=WMS&VERSION=1.3.0&REQUEST=GetMap&BBOX=4.584249999999999936%2C116.5172270000000054%2C21.22970700000000122%2C126.8480870000000067&CRS=EPSG%3A4326&WIDTH=567&HEIGHT=914&LAYERS=BT-GSOCSEQ-CORGSOCSSM1-2022-0-30-MEAN&STYLES=&FORMAT=image%2Fpng&DPI=96&MAP_RESOLUTION=96&FORMAT_OPTIONS=dpi%3A96&TRANSPARENT=TRUE,http://localhost:8082/?map=/etc/mapserver/BT-GSOCSEQ-CORGSOCSSM1-2022-0-30-MEAN.map&SERVICE=WMS&VERSION=1.1.1&LAYER=BT-GSOCSEQ-CORGSOCSSM1-2022-0-30-MEAN&REQUEST=getlegendgraphic&FORMAT=image/png,http://localhost:8082/?map=/etc/mapserver/BT-GSOCSEQ-CORGSOCSSM1-2022-0-30-MEAN.map&SERVICE=WMS&VERSION=1.3.0&REQUEST=GetFeatureInfo&LAYERS=BT-GSOCSEQ-CORGSOCSSM1-2022-0-30-MEAN&STYLES=&FORMAT=image%2Fpng&QUERY_LAYERS=BT-GSOCSEQ-CORGSOCSSM1-2022-0-30-MEAN&INFO_FORMAT=text%2Fhtml&I=282&J=429
GSOCSEQ,Global Soil Organic Carbon Sequestration potential map,BT-GSOCSEQ-CORGSOCSSM1-2022-0-30-UNCT,TRUE,GSOCseq - Final SOC stocks after 20 years - sustainable soil management 1,0-30-UNCT,2022-11-11,t/(ha·a),http://localhost:8001/collections/metadata:main/items/feb7f9b6-9557-11f0-bd5f-770c6be09b44,https://storage.googleapis.com/fao-gismgr-glosis-data/DATA/GLOSIS/MAPSET/BT-GSOCSEQ-CORGSOCSSM1-2022/GLOSIS.BT-GSOCSEQ-CORGSOCSSM1-2022.D-0-30.D-UNCT.tif,http://localhost:8082/?map=/etc/mapserver/BT-GSOCSEQ-CORGSOCSSM1-2022-0-30-UNCT.map&SERVICE=WMS&VERSION=1.3.0&REQUEST=GetMap&BBOX=4.584249999999999936%2C116.5172270000000054%2C21.22970700000000122%2C126.8480870000000067&CRS=EPSG%3A4326&WIDTH=567&HEIGHT=914&LAYERS=BT-GSOCSEQ-CORGSOCSSM1-2022-0-30-UNCT&STYLES=&FORMAT=image%2Fpng&DPI=96&MAP_RESOLUTION=96&FORMAT_OPTIONS=dpi%3A96&TRANSPARENT=TRUE,http://localhost:8082/?map=/etc/mapserver/BT-GSOCSEQ-CORGSOCSSM1-2022-0-30-UNCT.map&SERVICE=WMS&VERSION=1.1.1&LAYER=BT-GSOCSEQ-CORGSOCSSM1-2022-0-30-UNCT&REQUEST=getlegendgraphic&FORMAT=image/png,http://localhost:8082/?map=/etc/mapserver/BT-GSOCSEQ-CORGSOCSSM1-2022-0-30-UNCT.map&SERVICE=WMS&VERSION=1.3.0&REQUEST=GetFeatureInfo&LAYERS=BT-GSOCSEQ-CORGSOCSSM1-2022-0-30-UNCT&STYLES=&FORMAT=image%2Fpng&QUERY_LAYERS=BT-GSOCSEQ-CORGSOCSSM1-2022-0-30-UNCT&INFO_FORMAT=text%2Fhtml&I=282&J=429
GSOCSEQ,Global Soil Organic Carbon Sequestration potential map,BT-GSOCSEQ-CORGSOCSSM2-2022-0-30-MEAN,TRUE,GSOCseq - Final SOC stocks after 20 years - sustainable soil management 2,0-30-MEAN,2022-11-11,t/(ha·a),http://localhost:8001/collections/metadata:main/items/feb7f9d9-9557-11f0-bd5f-770c6be09b44,https://storage.googleapis.com/fao-gismgr-glosis-data/DATA/GLOSIS/MAPSET/BT-GSOCSEQ-CORGSOCSSM2-2022/GLOSIS.BT-GSOCSEQ-CORGSOCSSM2-2022.D-0-30.D-MEAN.tif,http://localhost:8082/?map=/etc/mapserver/BT-GSOCSEQ-CORGSOCSSM2-2022-0-30-MEAN.map&SERVICE=WMS&VERSION=1.3.0&REQUEST=GetMap&BBOX=4.584249999999999936%2C116.5172270000000054%2C21.22970700000000122%2C126.8480870000000067&CRS=EPSG%3A4326&WIDTH=567&HEIGHT=914&LAYERS=BT-GSOCSEQ-CORGSOCSSM2-2022-0-30-MEAN&STYLES=&FORMAT=image%2Fpng&DPI=96&MAP_RESOLUTION=96&FORMAT_OPTIONS=dpi%3A96&TRANSPARENT=TRUE,http://localhost:8082/?map=/etc/mapserver/BT-GSOCSEQ-CORGSOCSSM2-2022-0-30-MEAN.map&SERVICE=WMS&VERSION=1.1.1&LAYER=BT-GSOCSEQ-CORGSOCSSM2-2022-0-30-MEAN&REQUEST=getlegendgraphic&FORMAT=image/png,http://localhost:8082/?map=/etc/mapserver/BT-GSOCSEQ-CORGSOCSSM2-2022-0-30-MEAN.map&SERVICE=WMS&VERSION=1.3.0&REQUEST=GetFeatureInfo&LAYERS=BT-GSOCSEQ-CORGSOCSSM2-2022-0-30-MEAN&STYLES=&FORMAT=image%2Fpng&QUERY_LAYERS=BT-GSOCSEQ-CORGSOCSSM2-2022-0-30-MEAN&INFO_FORMAT=text%2Fhtml&I=282&J=429
GSOCSEQ,Global Soil Organic Carbon Sequestration potential map,BT-GSOCSEQ-CORGSOCSSM2-2022-0-30-UNCT,TRUE,GSOCseq - Final SOC stocks after 20 years - sustainable soil management 2,0-30-UNCT,2022-11-11,t/(ha·a),http://localhost:8001/collections/metadata:main/items/feb7f9d9-9557-11f0-bd5f-770c6be09b44,https://storage.googleapis.com/fao-gismgr-glosis-data/DATA/GLOSIS/MAPSET/BT-GSOCSEQ-CORGSOCSSM2-2022/GLOSIS.BT-GSOCSEQ-CORGSOCSSM2-2022.D-0-30.D-UNCT.tif,http://localhost:8082/?map=/etc/mapserver/BT-GSOCSEQ-CORGSOCSSM2-2022-0-30-UNCT.map&SERVICE=WMS&VERSION=1.3.0&REQUEST=GetMap&BBOX=4.584249999999999936%2C116.5172270000000054%2C21.22970700000000122%2C126.8480870000000067&CRS=EPSG%3A4326&WIDTH=567&HEIGHT=914&LAYERS=BT-GSOCSEQ-CORGSOCSSM2-2022-0-30-UNCT&STYLES=&FORMAT=image%2Fpng&DPI=96&MAP_RESOLUTION=96&FORMAT_OPTIONS=dpi%3A96&TRANSPARENT=TRUE,http://localhost:8082/?map=/etc/mapserver/BT-GSOCSEQ-CORGSOCSSM2-2022-0-30-UNCT.map&SERVICE=WMS&VERSION=1.1.1&LAYER=BT-GSOCSEQ-CORGSOCSSM2-2022-0-30-UNCT&REQUEST=getlegendgraphic&FORMAT=image/png,http://localhost:8082/?map=/etc/mapserver/BT-GSOCSEQ-CORGSOCSSM2-2022-0-30-UNCT.map&SERVICE=WMS&VERSION=1.3.0&REQUEST=GetFeatureInfo&LAYERS=BT-GSOCSEQ-CORGSOCSSM2-2022-0-30-UNCT&STYLES=&FORMAT=image%2Fpng&QUERY_LAYERS=BT-GSOCSEQ-CORGSOCSSM2-2022-0-30-UNCT&INFO_FORMAT=text%2Fhtml&I=282&J=429
GSOCSEQ,Global Soil Organic Carbon Sequestration potential map,BT-GSOCSEQ-CORGSOCSSM3-2022-0-30-MEAN,TRUE,GSOCseq - Final SOC stocks after 20 years - sustainable soil management 3,0-30-MEAN,2022-11-11,t/(ha·a),http://localhost:8001/collections/metadata:main/items/feb7f9c9-9557-11f0-bd5f-770c6be09b44,https://storage.googleapis.com/fao-gismgr-glosis-data/DATA/GLOSIS/MAPSET/BT-GSOCSEQ-CORGSOCSSM3-2022/GLOSIS.BT-GSOCSEQ-CORGSOCSSM3-2022.D-0-30.D-MEAN.tif,http://localhost:8082/?map=/etc/mapserver/BT-GSOCSEQ-CORGSOCSSM3-2022-0-30-MEAN.map&SERVICE=WMS&VERSION=1.3.0&REQUEST=GetMap&BBOX=4.584249999999999936%2C116.5172270000000054%2C21.22970700000000122%2C126.8480870000000067&CRS=EPSG%3A4326&WIDTH=567&HEIGHT=914&LAYERS=BT-GSOCSEQ-CORGSOCSSM3-2022-0-30-MEAN&STYLES=&FORMAT=image%2Fpng&DPI=96&MAP_RESOLUTION=96&FORMAT_OPTIONS=dpi%3A96&TRANSPARENT=TRUE,http://localhost:8082/?map=/etc/mapserver/BT-GSOCSEQ-CORGSOCSSM3-2022-0-30-MEAN.map&SERVICE=WMS&VERSION=1.1.1&LAYER=BT-GSOCSEQ-CORGSOCSSM3-2022-0-30-MEAN&REQUEST=getlegendgraphic&FORMAT=image/png,http://localhost:8082/?map=/etc/mapserver/BT-GSOCSEQ-CORGSOCSSM3-2022-0-30-MEAN.map&SERVICE=WMS&VERSION=1.3.0&REQUEST=GetFeatureInfo&LAYERS=BT-GSOCSEQ-CORGSOCSSM3-2022-0-30-MEAN&STYLES=&FORMAT=image%2Fpng&QUERY_LAYERS=BT-GSOCSEQ-CORGSOCSSM3-2022-0-30-MEAN&INFO_FORMAT=text%2Fhtml&I=282&J=429
GSOCSEQ,Global Soil Organic Carbon Sequestration potential map,BT-GSOCSEQ-CORGSOCSSM3-2022-0-30-UNCT,TRUE,GSOCseq - Final SOC stocks after 20 years - sustainable soil management 3,0-30-UNCT,2022-11-11,t/(ha·a),http://localhost:8001/collections/metadata:main/items/feb7f9c9-9557-11f0-bd5f-770c6be09b44,https://storage.googleapis.com/fao-gismgr-glosis-data/DATA/GLOSIS/MAPSET/BT-GSOCSEQ-CORGSOCSSM3-2022/GLOSIS.BT-GSOCSEQ-CORGSOCSSM3-2022.D-0-30.D-UNCT.tif,http://localhost:8082/?map=/etc/mapserver/BT-GSOCSEQ-CORGSOCSSM3-2022-0-30-UNCT.map&SERVICE=WMS&VERSION=1.3.0&REQUEST=GetMap&BBOX=4.584249999999999936%2C116.5172270000000054%2C21.22970700000000122%2C126.8480870000000067&CRS=EPSG%3A4326&WIDTH=567&HEIGHT=914&LAYERS=BT-GSOCSEQ-CORGSOCSSM3-2022-0-30-UNCT&STYLES=&FORMAT=image%2Fpng&DPI=96&MAP_RESOLUTION=96&FORMAT_OPTIONS=dpi%3A96&TRANSPARENT=TRUE,http://localhost:8082/?map=/etc/mapserver/BT-GSOCSEQ-CORGSOCSSM3-2022-0-30-UNCT.map&SERVICE=WMS&VERSION=1.1.1&LAYER=BT-GSOCSEQ-CORGSOCSSM3-2022-0-30-UNCT&REQUEST=getlegendgraphic&FORMAT=image/png,http://localhost:8082/?map=/etc/mapserver/BT-GSOCSEQ-CORGSOCSSM3-2022-0-30-UNCT.map&SERVICE=WMS&VERSION=1.3.0&REQUEST=GetFeatureInfo&LAYERS=BT-GSOCSEQ-CORGSOCSSM3-2022-0-30-UNCT&STYLES=&FORMAT=image%2Fpng&QUERY_LAYERS=BT-GSOCSEQ-CORGSOCSSM3-2022-0-30-UNCT&INFO_FORMAT=text%2Fhtml&I=282&J=429
GSOCSEQ,Global Soil Organic Carbon Sequestration potential map,BT-GSOCSEQ-CORGT0-2022-0-30-MEAN,TRUE,GSOCseq - Initial SOC stocks at year 2020 - time zero,0-30-MEAN,2022-11-11,t/(ha·a),http://localhost:8001/collections/metadata:main/items/feb7f9c3-9557-11f0-bd5f-770c6be09b44,https://storage.googleapis.com/fao-gismgr-glosis-data/DATA/GLOSIS/MAPSET/BT-GSOCSEQ-CORGT0-2022/GLOSIS.BT-GSOCSEQ-CORGT0-2022.D-0-30.D-MEAN.tif,http://localhost:8082/?map=/etc/mapserver/BT-GSOCSEQ-CORGT0-2022-0-30-MEAN.map&SERVICE=WMS&VERSION=1.3.0&REQUEST=GetMap&BBOX=4.584249999999999936%2C116.5172270000000054%2C21.22970700000000122%2C126.8480870000000067&CRS=EPSG%3A4326&WIDTH=567&HEIGHT=914&LAYERS=BT-GSOCSEQ-CORGT0-2022-0-30-MEAN&STYLES=&FORMAT=image%2Fpng&DPI=96&MAP_RESOLUTION=96&FORMAT_OPTIONS=dpi%3A96&TRANSPARENT=TRUE,http://localhost:8082/?map=/etc/mapserver/BT-GSOCSEQ-CORGT0-2022-0-30-MEAN.map&SERVICE=WMS&VERSION=1.1.1&LAYER=BT-GSOCSEQ-CORGT0-2022-0-30-MEAN&REQUEST=getlegendgraphic&FORMAT=image/png,http://localhost:8082/?map=/etc/mapserver/BT-GSOCSEQ-CORGT0-2022-0-30-MEAN.map&SERVICE=WMS&VERSION=1.3.0&REQUEST=GetFeatureInfo&LAYERS=BT-GSOCSEQ-CORGT0-2022-0-30-MEAN&STYLES=&FORMAT=image%2Fpng&QUERY_LAYERS=BT-GSOCSEQ-CORGT0-2022-0-30-MEAN&INFO_FORMAT=text%2Fhtml&I=282&J=429
GSOCSEQ,Global Soil Organic Carbon Sequestration potential map,BT-GSOCSEQ-CORGT0-2022-0-30-UNCT,TRUE,GSOCseq - Initial SOC stocks at year 2020 - time zero,0-30-UNCT,2022-11-11,t/(ha·a),http://localhost:8001/collections/metadata:main/items/feb7f9c3-9557-11f0-bd5f-770c6be09b44,https://storage.googleapis.com/fao-gismgr-glosis-data/DATA/GLOSIS/MAPSET/BT-GSOCSEQ-CORGT0-2022/GLOSIS.BT-GSOCSEQ-CORGT0-2022.D-0-30.D-UNCT.tif,http://localhost:8082/?map=/etc/mapserver/BT-GSOCSEQ-CORGT0-2022-0-30-UNCT.map&SERVICE=WMS&VERSION=1.3.0&REQUEST=GetMap&BBOX=4.584249999999999936%2C116.5172270000000054%2C21.22970700000000122%2C126.8480870000000067&CRS=EPSG%3A4326&WIDTH=567&HEIGHT=914&LAYERS=BT-GSOCSEQ-CORGT0-2022-0-30-UNCT&STYLES=&FORMAT=image%2Fpng&DPI=96&MAP_RESOLUTION=96&FORMAT_OPTIONS=dpi%3A96&TRANSPARENT=TRUE,http://localhost:8082/?map=/etc/mapserver/BT-GSOCSEQ-CORGT0-2022-0-30-UNCT.map&SERVICE=WMS&VERSION=1.1.1&LAYER=BT-GSOCSEQ-CORGT0-2022-0-30-UNCT&REQUEST=getlegendgraphic&FORMAT=image/png,http://localhost:8082/?map=/etc/mapserver/BT-GSOCSEQ-CORGT0-2022-0-30-UNCT.map&SERVICE=WMS&VERSION=1.3.0&REQUEST=GetFeatureInfo&LAYERS=BT-GSOCSEQ-CORGT0-2022-0-30-UNCT&STYLES=&FORMAT=image%2Fpng&QUERY_LAYERS=BT-GSOCSEQ-CORGT0-2022-0-30-UNCT&INFO_FORMAT=text%2Fhtml&I=282&J=429
